search,lon,lat
1108 ROSS CLARK CIRCLE DOTHAN AL 36301 USA,-85.3630079,31.215884
2505 U S HIGHWAY 431 NORTH BOAZ AL 35957 USA,-86.1594414,34.2215563
205 MARENGO STREET FLORENCE AL 35631 USA,-87.6831554,34.7938449
702 N MAIN ST OPP AL 36467 USA,-86.2555303,31.2890651
101 HOSPITAL CIRCLE LUVERNE AL 36049 USA,-86.2653017,31.6944695
50 MEDICAL PARK EAST DRIVE BIRMINGHAM AL 35235 USA,-86.6676502,33.596457
200 MED CENTER DRIVE FORT PAYNE AL 35968 USA,-85.7556718,34.438606
1000 FIRST STREET NORTH ALABASTER AL 35007 USA,-86.8135545,33.2524436
1720 UNIVERSITY BLVD BIRMINGHAM AL 35233 USA,-86.8025748,33.5035135
1300 SOUTH MONTGOMERY AVENUE SHEFFIELD AL 35660 USA,-87.6989299,34.7464826
126 HOSPITAL AVE OZARK AL 36360 USA,-85.632075,31.451328
400 NORTHWOOD DR CENTRE AL 35960 USA,-85.6515603,34.1627694
2105 EAST SOUTH BOULEVARD MONTGOMERY AL 36116 USA,-86.2710335,32.3269463
1725 PINE STREET MONTGOMERY AL 36106 USA,-86.2853492,32.3670831
2000 PEPPERELL PARKWAY OPELIKA AL 36801 USA,-85.4037506,32.6401629
209 NORTH MAIN STREET WEDOWEE AL 36278 USA,-85.4874424,33.3166328
619 SOUTH 19TH STREET BIRMINGHAM AL 35233 USA,-86.8020798,33.5058687
805 FRIENDSHIP ROAD TALLASSEE AL 36078 USA,-85.912363,32.534053
1912 ALABAMA HIGHWAY 157 CULLMAN AL 35058 USA,-86.8748531,34.2075866
849 SOUTH THREE NOTCH STREET ANDALUSIA AL 36420 USA,-86.4973261,31.2963411
301 EAST 18TH ST ANNISTON AL 36201 USA,-85.8342036,33.6676746
101 SIVLEY RD HUNTSVILLE AL 35801 USA,-86.581799,34.721046
1007 GOODYEAR AVENUE GADSDEN AL 35903 USA,-85.9658747,34.0077928
1256 MILITARY STREET SOUTH HAMILTON AL 35570 USA,-87.9914577,34.1267682
1653 TEMPLE AVENUE NORTH FAYETTE AL 35555 USA,-87.8238317,33.7075714
600 SOUTH THIRD STREET GADSDEN AL 35901 USA,-86.003393,34.0042649
515 N MIRANDA AVENUE GEORGIANA AL 36033 USA,-86.7427087,31.6363165
400 N EDWARDS STREET ENTERPRISE AL 36330 USA,-85.855114,31.318647
509 WILSON AVENUE EUTAW AL 35462 USA,-87.890091,32.8421803
201 MARIARDEN ROAD DADEVILLE AL 36853 USA,-85.7415985,32.8200176
4370 WEST MAIN STREET DOTHAN AL 36305 USA,-85.456757,31.2379068
810 ST VINCENT'S DRIVE BIRMINGHAM AL 35205 USA,-86.7889111,33.5071812
208 PIERSON AVE CENTREVILLE AL 35042 USA,-87.1445298,32.9513956
202 HOSPITAL STREET MOULTON AL 35650 USA,-87.2860052,34.4828965
380 WOODS COVE ROAD SCOTTSBORO AL 35768 USA,-86.0466607,34.6617313
1200 W MAPLE AVENUE GENEVA AL 36340 USA,-85.8905067,31.0481116
3316 HIGHWAY 280 ALEXANDER CITY AL 35010 USA,-85.9602441,32.9231899
820 W WASHINGTON ST EUFAULA AL 36027 USA,-85.1562,31.8887
83825 HIGHWAY 9    P O BOX 1270 ASHLAND AL 36251 USA,-85.822091,33.2774469
400 EAST 10TH STREET ANNISTON AL 36207 USA,-85.8228352,33.6563953
700 WEST MARKET STREET ATHENS AL 35611 USA,-86.979177,34.8042607
1613 NORTH MCKENZIE STREET FOLEY AL 36535 USA,-87.6843079,30.4260938
1201 7TH STREET SE DECATUR AL 35601 USA,-86.972417,34.5904135
1530 U S HIGHWAY 43 WINFIELD AL 35594 USA,-87.824744,33.930952
2451 FILLINGIM STREET MOBILE AL 36617 USA,-88.0985628,30.7072875
3400 HIGHWAY 78 EAST JASPER AL 35502 USA,-87.2365342,33.8410575
6801 AIRPORT BOULEVARD MOBILE AL 36608 USA,-88.1985523,30.6782817
295 JACKSON HWY S GROVE HILL AL 36451 USA,-85.8964005,37.0516922
809 UNIVERSITY BOULEVARD EAST TUSCALOOSA AL 35401 USA,-87.5264812,33.2053981
508 GREEN STREET GREENSBORO AL 36744 USA,-87.5874393,32.6947556
500 HOSPITAL DRIVE WETUMPKA AL 36092 USA,-86.1901705,32.5512273
1301 BELLEVILLE AVENUE BREWTON AL 36426 USA,-87.0712851,31.124971
750 MORPHY AVENUE FAIRHOPE AL 36532 USA,-87.8886399,30.5199765
604 STONE AVENUE TALLADEGA AL 35161 USA,-86.0921538,33.439795
317 MCWILLIAMS AVENUE CAMDEN AL 36726 USA,-87.2905456,31.9909813
701 PRINCETON AVENUE SOUTHWEST BIRMINGHAM AL 35211 USA,-86.8470166,33.4984021
3690 GRANDVIEW PARKWAY BIRMINGHAM AL 35243 USA,-86.7185683,33.4326147
124 S MEMORIAL DR PRATTVILLE AL 36067 USA,-86.451767,32.464172
241 ROBERT K WILSON DRIVE CARROLLTON AL 35447 USA,-88.0912207,33.2759732
102 WEST CONECUH AVENUE UNION SPRINGS AL 36089 USA,-85.7144855,32.1461337
105 HIGHWAY 80 EAST DEMOPOLIS AL 36732 USA,-87.8374699,32.5037931
5 MOBILE INFIRMARY CIRCLE MOBILE AL 36652 USA,-88.0798395,30.6963935
995 9TH AVENUE SOUTHWEST BESSEMER AL 35021 USA,-86.9916643,33.3731473
1015 MEDICAL CENTER PARKWAY SELMA AL 36701 USA,-87.0560426,32.4294489
"2016 SOUTH ALABAMA AVENUE, BOX 886 MONROEVILLE AL 36460 USA",-87.3247077,31.5279399
42024 HIGHWAY 195 E HALEYVILLE AL 35565 USA,-87.5904504,34.241316
1330 HIGHWAY 231 SOUTH TROY AL 36081 USA,-85.9449087,31.7811497
220 HOSPITAL DRIVE JACKSON AL 36545 USA,-87.895053,31.5311947
1815 HAND AVENUE BAY MINETTE AL 36507 USA,-87.7850231,30.9039384
7063 VETERANS PARKWAY PELL CITY AL 35125 USA,-86.3018159,33.6043127
ONE HOSPITAL DR SE HUNTSVILLE AL 35801 USA,-86.572207,34.6935825
751 DERBY DRIVE YORK AL 36925 USA,-88.2960195,32.4917057
2010 BROOKWOOD MEDICAL CENTER DRIVE BIRMINGHAM AL 35209 USA,-86.7764088,33.4642365
3719 DAUPHIN STREET MOBILE AL 36608 USA,-88.1317111,30.6852336
1701 SOUTH PELHAM ROAD JACKSONVILLE AL 36265 USA,-85.7629725,33.784545
101 CRESTVIEW AVENUE EVERGREEN AL 36401 USA,-86.9408213,31.4309781
400 TAYLOR ROAD MONTGOMERY AL 36117 USA,-86.1758784,32.387975
700 SOUTH 19TH STREET BIRMINGHAM AL 35233 USA,-86.80166,33.5043252
29 L V STABLER DRIVE GREENVILLE AL 36037 USA,-86.6463258,31.8291371
201 WEST AVALON AVENUE MUSCLE SHOALS AL 35661 USA,-87.675383,34.744969
15155 HIGHWAY 43 RUSSELLVILLE AL 35653 USA,-87.7183471,34.5107726
315 W HICKORY ST SYLACAUGA AL 35150 USA,-86.2552042,33.1644466
4401 RIVER CHASE DRIVE PHENIX CITY AL 36867 USA,-85.0086714,32.5080845
401 MEDICAL PARK DRIVE ATMORE AL 36502 USA,-87.479345,31.016364
215 PERRY HILL ROAD MONTGOMERY AL 36109 USA,-86.2439086,32.3769193
3701 LOOP ROAD TUSCALOOSA AL 35404 USA,-87.4865613,33.1913652
14600 ST. STEPHENS AVENUE CHATOM AL 36518 USA,-88.2350748,31.459417
211 HOSPITAL ROAD RED BAY AL 35582 USA,-88.1477315,34.4575215
"401 VANITY FAIR LANE, PO BOX 618 BUTLER AL 36904 USA",-88.20831,32.0917011
150 GILBREATH DRIVE ONEONTA AL 35121 USA,-86.4949953,33.9333028
1700 CENTER STREET MOBILE AL 36604 USA,-88.0779587,30.6974512
BOX 196604 ANCHORAGE AK 99508 USA,-149.1703365,60.9490169
2500 SOUTH WOODWORTH LOOP PALMER AK 99645 USA,-149.2576383,61.5631603
3260 HOSPITAL DR JUNEAU AK 99801 USA,-134.4650653,58.3289161
1650 COWLES STREET FAIRBANKS AK 99701 USA,-147.7399472,64.8311569
2801 DEBARR ROAD ANCHORAGE AK 99508 USA,-149.8286335,61.210404
PO BOX 287 BETHEL AK 99559 USA,-161.7558333,60.7922222
250 HOSPITAL PLACE SOLDOTNA AK 99669 USA,-151.0780123,60.4934413
4315 DIPLOMACY DR ANCHORAGE AK 99508 USA,-149.8006627,61.1827424
PO BOX 550 VALDEZ AK 99686 USA,-146.3483333,61.1308333
"417 FIRST AVENUE, PO BOX 365 SEWARD AK 99664 USA",-149.446325,60.1051316
209 MOLLER DRIVE SITKA AK 99835 USA,-135.3460812,57.0581003
 PO BOX 589 PETERSBURG AK 99833 USA,-132.9555556,56.8125
310 BENNETT STREET PO BOX 1081 WRANGELL AK 99929 USA,-132.3762799,56.4718611
1915 EAST REZANOF DRIVE KODIAK AK 99615 USA,-152.3752778,57.8001236
PO BOX 160 - 602 CHASE AVENUE CORDOVA AK 99574 USA,-145.7503229,60.5411276
1000 GREG KRUSCHEK AVENUE (P O BOX 966) NOME AK 99762 USA,-165.4063889,64.5011111
P O BOX 130 DILLINGHAM AK 99576 USA,-158.4575,59.0397222
3100 TONGASS AVENUE KETCHIKAN AK 99901 USA,-131.6866322,55.3535001
7000 UULA ST BARROW AK 99723 USA,-156.7285976,71.2989395
4300 BARTLETT ST HOMER AK 99603 USA,-151.5480429,59.6531099
5102 WEST CAMPBELL AVENUE PHOENIX AZ 85031 USA,-112.1706882,33.5027798
1111 EAST MCDOWELL ROAD PHOENIX AZ 85006 USA,-112.0579565,33.4649397
5301 EAST GRANT ROAD TUCSON AZ 85712 USA,-110.8780795,32.252903
269 SOUTH CANDY LANE COTTONWOOD AZ 86326 USA,-112.0292561,34.7357759
1601 WEST ST MARY'S ROAD TUCSON AZ 85745 USA,-110.9995908,32.228313
350 NORTH WILMOT ROAD TUCSON AZ 85711 USA,-110.855335,32.2265668
1003 WILLOW CREEK ROAD PRESCOTT AZ 86301 USA,-112.4811881,34.5596203
2400 SOUTH AVENUE A YUMA AZ 85364 USA,-114.634916,32.6823988
250 EAST DUNLAP AVENUE PHOENIX AZ 85020 USA,-112.0708775,33.5694587
1800 EAST FLORENCE BOULEVARD CASA GRANDE AZ 85222 USA,-111.7097455,32.8807401
2601 EAST ROOSEVELT STREET PHOENIX AZ 85008 USA,-112.0261121,33.4576589
1200 NORTH BEAVER STREET FLAGSTAFF AZ 86001 USA,-111.643986,35.20832
350 WEST THOMAS ROAD PHOENIX AZ 85013 USA,-112.0793604,33.4819191
2000 WEST BETHANY HOME ROAD PHOENIX AZ 85015 USA,-112.1021957,33.5247707
807 SOUTH PONDEROSA DRIVE PAYSON AZ 85541 USA,-111.3213005,34.2317386
1955 WEST FRYE ROAD CHANDLER AZ 85224 USA,-111.8746054,33.2973867
1800 EAST VAN BUREN STREET PHOENIX AZ 85006 USA,-112.0423562,33.4544851
7400 EAST OSBORN ROAD SCOTTSDALE AZ 85251 USA,-111.9231494,33.4886726
5700 EAST HIGHWAY 90 SIERRA VISTA AZ 85635 USA,-110.2306188,31.5546229
3269 STOCKTON HILL ROAD KINGMAN AZ 86409 USA,-114.0371188,35.2203182
10401 WEST THUNDERBIRD BOULEVARD SUN CITY AZ 85351 USA,-112.2837994,33.6042603
2200 EAST SHOW LOW LAKE ROAD SHOW LOW AZ 85901 USA,-110.0191523,34.2019458
1501 NORTH CAMPBELL AVENUE TUCSON AZ 85724 USA,-110.9457686,32.2409829
1400 SOUTH  DOBSON ROAD MESA AZ 85202 USA,-111.877013,33.3899841
1600 SOUTH 20TH AVENUE SAFFORD AZ 85546 USA,-109.7348242,32.8227673
101 CIVIC CENTER LANE LAKE HAVASU CITY AZ 86403 USA,-114.3388668,34.4803821
PO BOX 649 FORT DEFIANCE AZ 86504 USA,-109.0764828,35.7444602
PO BOX 600 TUBA CITY AZ 86045 USA,-111.2398625,36.1349928
PO BOX 548 SELLS AZ 85634 USA,-111.881234,31.9120215
103 MEDICINE WAY ROAD PERIDOT AZ 85542 USA,-110.4210295,33.2931842
4212 NORTH 16TH STREET PHOENIX AZ 85016 USA,-112.049421,33.49695
3929 EAST BELL ROAD PHOENIX AZ 85032 USA,-111.9973914,33.639414
"US HWY 191, HOSPITAL ROAD CHINLE AZ 86503 USA",-109.5526072,36.1544483
6200 NORTH LA CHOLLA BOULEVARD TUCSON AZ 85741 USA,-111.0100752,32.3202768
9003 EAST SHEA BOULEVARD SCOTTSDALE AZ 85260 USA,-111.8851432,33.580069
6644 EAST BAYWOOD AVENUE MESA AZ 85206 USA,-111.6874923,33.4113555
5555 WEST THUNDERBIRD ROAD GLENDALE AZ 85306 USA,-112.1795965,33.6092024
19829 NORTH 27TH AVENUE PHOENIX AZ 85027 USA,-112.1161079,33.6657269
14502 WEST MEEKER BOULEVARD SUN CITY WEST AZ 85375 USA,-112.372831,33.659653
18701 NORTH 67TH AVENUE GLENDALE AZ 85308 USA,-112.2015464,33.6550895
2735 SILVER CREEK ROAD BULLHEAD CITY AZ 86442 USA,-114.5549827,35.1108174
5777 EAST MAYO BOULEVARD PHOENIX AZ 85054 USA,-111.9564212,33.6588967
6750 EAST BAYWOOD AVENUE MESA AZ 85206 USA,-111.6858362,33.4113567
4620 EAST BASELINE ROAD MESA AZ 85206 USA,-111.734607,33.380264
6501 NORTH 19TH AVENUE PHOENIX AZ 85015 USA,-112.098972,33.5321969
13677 WEST MCDOWELL ROAD GOODYEAR AZ 85395 USA,-112.3521489,33.4625569
2800 EAST AJO WAY TUCSON AZ 85713 USA,-110.9295523,32.1778717
2905 WEST WARNER ROAD CHANDLER AZ 85224 USA,-111.8912934,33.3340207
200 WEST HOSPITAL DRIVE  (PO BOX 860) WHITERIVER AZ 85941 USA,-109.9642664,33.8369944
1551 EAST TANGERINE ROAD ORO VALLEY AZ 85755 USA,-110.949664,32.42926
9201 WEST THOMAS ROAD PHOENIX AZ 85037 USA,-112.257442,33.478176
5330 SOUTH HIGHWAY 95 FORT MOHAVE AZ 86426 USA,-114.5962766,35.0027485
7700 EAST FLORENTINE ROAD PRESCOTT VALLEY AZ 86314 USA,-112.3307952,34.5908402
3555 SOUTH VAL VISTA DRIVE GILBERT AZ 85296 USA,-111.7525667,33.2868695
5656 SOUTH POWER ROAD GILBERT AZ 85295 USA,-111.6873346,33.3137966
1301 SOUTH CRISMON ROAD MESA AZ 85209 USA,-111.611071,33.3917665
1900 NORTH HIGLEY ROAD GILBERT AZ 85234 USA,-111.7225666,33.3840468
7400 EAST THOMPSON PEAK PARKWAY SCOTTSDALE AZ 85255 USA,-111.9220325,33.6706949
650 E. INDIAN SCHOOL ROAD PHOENIX AZ 85012 USA,-112.0661569,33.4954978
37000 NORTH GANTZEL ROAD SAN TAN VALLEY AZ 85140 USA,-111.5656332,33.2144943
750 NORTH 40TH STREET PHOENIX AZ 85008 USA,-111.9965192,33.4565795
4545 NORTH HUNT HIGHWAY FLORENCE AZ 85132 USA,-111.4858889,33.0731864
2050 WEST SOUTHERN AVENUE APACHE JUNCTION AZ 85120 USA,-111.5670965,33.3943945
7171 SOUTH 51ST AVENUE LAVEEN AZ 85339 USA,-112.1669674,33.3806868
4455 SOUTH I-19 FRONTAGE ROAD GREEN VALLEY AZ 85614 USA,-111.0098374,31.8065551
3601 SOUTH SIXTH AVENUE TUCSON AZ 85723 USA,-110.9658852,32.1812634
500 HIGHWAY 89 NORTH PRESCOTT AZ 86313 USA,-112.4526516,34.5545599
520 ROSE LANE WICKENBURG AZ 85390 USA,-112.7397318,33.9784055
450 SOUTH OCOTILLO AVENUE BENSON AZ 85602 USA,-110.3071635,31.9643549
901 WEST REX ALLEN DRIVE WILLCOX AZ 85643 USA,-109.838346,32.265152
501 NORTH NAVAJO DRIVE PAGE AZ 86040 USA,-111.463911,36.91754
"HIGHWAY 264, MILEPOST 388 POLACCA AZ 86042 USA",-110.402376,35.8385454
STATE ROUTE 264 SOUTH 191 PO BOX 457 GANADO AZ 86505 USA,-109.649348,35.772205
1501 NORTH WILLIAMSON AVENUE WINSLOW AZ 86047 USA,-110.6924694,35.0357955
101 COLE AVENUE BISBEE AZ 85603 USA,-109.883002,31.4177929
1171 WEST TARGET RANGE ROAD NOGALES AZ 85621 USA,-110.959983,31.340479
5880 SOUTH HOSPITAL DRIVE GLOBE AZ 85501 USA,-110.8261952,33.4072264
118 SOUTH MOUNTAIN AVENUE SPRINGERVILLE AZ 85938 USA,-109.2875989,34.1304008
1200 WEST MOHAVE ROAD PARKER AZ 85344 USA,-114.284787,34.1355321
1919 EAST THOMAS ROAD PHOENIX AZ 85016 USA,-112.0402453,33.4790971
603 NORTH PROGRESS AVENUE SILOAM SPRINGS AR 72761 USA,-94.5077653,36.1899429
1100 EAST POPLAR STREET CLARKSVILLE AR 72830 USA,-93.4449512,35.4643692
3215 N NORTH HILLS BOULEVARD FAYETTEVILLE AR 72703 USA,-94.1535416,36.0800001
TWO ST VINCENT CIRCLE LITTLE ROCK AR 72205 USA,-92.3393722,34.7504671
2710 SOUTH RIFE MEDICAL LANE ROGERS AR 72758 USA,-94.1830957,36.3089205
719 DETROIT STREET DANVILLE AR 72833 USA,-93.388206,35.0546664
3214 EAST RACE AVENUE SEARCY AR 72143 USA,-91.6923333,35.2506878
311 NORTH MORROW STREET MENA AR 71953 USA,-94.2216623,34.5890564
4301 WEST MARKHAM STREET MAIL SLOT 612 LITTLE ROCK AR 72205 USA,-92.3542193,34.7486563
620 NORTH MAIN STREET HARRISON AR 72601 USA,-93.1085129,36.2366395
EAST MAIN AND SOUTH 20TH STREET VAN BUREN AR 72956 USA,-94.3381171,35.4365325
1601 NEWCASTLE ROAD FORREST CITY AR 72335 USA,-90.775494,35.0396671
225 E JACKSON JONESBORO AR 72401 USA,-90.7025355,35.8366835
609 WEST MAPLE AVENUE SPRINGDALE AR 72764 USA,-94.1367276,36.1800714
300 WERNER STREET HOT SPRINGS AR 71903 USA,-93.0663135,34.4681702
624 HOSPITAL DRIVE MOUNTAIN HOME AR 72653 USA,-92.3944185,36.3429502
2302 COLLEGE AVENUE CONWAY AR 72034 USA,-92.4576613,35.0859847
3333 SPRINGHILL DRIVE NORTH LITTLE ROCK AR 72117 USA,-92.2220519,34.7837697
900 WEST KINGSHIGHWAY PARAGOULD AR 72450 USA,-90.4978107,36.0525616
1808 WEST MAIN STREET RUSSELLVILLE AR 72801 USA,-93.149218,35.28319
2801 MEDICAL CENTER DRIVE POCAHONTAS AR 72455 USA,-90.997503,36.289821
638 CALIFORNIA AVENUE CAMDEN AR 71701 USA,-92.8362602,33.5758644
778 SCOGIN DRIVE MONTICELLO AR 71655 USA,-91.8150275,33.6071544
1001 TOWSON AVENUE FORT SMITH AR 72902 USA,-94.4194695,35.3745718
7301 ROGERS AVE FORT SMITH AR 72917 USA,-94.3526657,35.3557971
101 HOSPITAL DRIVE MAGNOLIA AR 71754 USA,-93.2390359,33.2743972
1520 N DIVISION STREET BLYTHEVILLE AR 72315 USA,-89.9188352,35.942244
1600 WEST 40TH AVENUE PINE BLUFF AR 71603 USA,-92.0181788,34.189055
1703 NORTH BUERKLE ST STUTTGART AR 72160 USA,-91.559316,34.517642
1400 BRADEN STREET JACKSONVILLE AR 72076 USA,-92.124839,34.873582
1001 SCHNEIDER DRIVE MALVERN AR 72104 USA,-92.785668,34.3587893
1910 MALVERN AVENUE HOT SPRINGS AR 71901 USA,-93.035211,34.486004
1205 MCLAIN STREET NEWPORT AR 72112 USA,-91.26499,35.608362
#1 MEDICAL PARK DRIVE BENTON AR 72015 USA,NA,NA
1801 MARTIN LUTHER KING JR DRIVE HELENA AR 72342 USA,-90.6271793,34.5102191
700 WEST GROVE STREET EL DORADO AR 71731 USA,-92.6722845,33.2183925
1100 N. COLLEGE AVENUE FAYETTEVILLE AR 72703 USA,-94.1600768,36.0809288
4300 WEST SEVENTH STREET LITTLE ROCK AR 72205 USA,-92.3203982,34.74614
"9601 INTERSTATE 630, EXIT 7 LITTLE ROCK AR 72205 USA",-92.3542193,34.7486563
4800 EAST JOHNSON AVENUE JONESBORO AR 72401 USA,-90.6365507,35.8665919
1710 HARRISON STREET BATESVILLE AR 72503 USA,-91.6342365,35.7677728
300 PROSPECT AVE HOT SPRINGS AR 71901 USA,-93.0574077,34.5099145
1701 S SHACKLEFORD ROAD LITTLE ROCK AR 72211 USA,-92.3932502,34.7392007
2215 WILDWOOD AVENUE SHERWOOD AR 72120 USA,-92.2083455,34.8131598
5201 NORTH SHORE DRIVE NO LITTLE ROCK AR 72118 USA,-92.3490932,34.8003023
3873 NORTH PARKVIEW DRIVE FAYETTEVILLE AR 72703 USA,-94.134071,36.121327
2001 SOUTH MAIN HOPE AR 71801 USA,-93.5870364,33.6490502
500 EAST ACADEMY PARIS AR 72855 USA,-93.7248642,35.2894389
200 NORTH THIRD STREET DARDANELLE AR 72834 USA,-93.1565367,35.2202416
801 WEST RIVER STREET OZARK AR 72949 USA,-93.8337457,35.485701
24 NORRIS STREET EUREKA SPRINGS AR 72632 USA,-93.7444056,36.4004425
1341 WEST SIXTH STREET WALDRON AR 72958 USA,-94.1074871,34.896788
103 GRASSE STREET CALICO ROCK AR 72519 USA,-92.1284686,36.1275875
310 SOUTH FALLS BOULEVARD WYNNE AR 72396 USA,-90.7873831,35.2210379
900 SOUTH THIRD STREET MCGEHEE AR 71654 USA,-91.3934296,33.6188582
1309 WEST MAIN WALNUT RIDGE AR 72476 USA,-90.9688966,36.074754
2106 EAST MAIN STREET MOUNTAIN VIEW AR 72560 USA,-92.0893584,35.8595197
130 MEDICAL CIRCLE NASHVILLE AR 71852 USA,-93.8804113,33.9497131
1800 BYPASS ROAD HEBER SPRINGS AR 72543 USA,-91.9980592,35.504482
2500 HIGHWAY 65 SOUTH CLINTON AR 72031 USA,-92.452208,35.559199
1641 WHITEHEAD DRIVE DE WITT AR 72042 USA,-91.3387855,34.2783487
611 WEST LEE AVENUE OSCEOLA AR 72370 USA,-89.975731,35.699715
201 CLIFTON STREET FORDYCE AR 71742 USA,-92.4254404,33.8089774
880 WEST MAIN BOONEVILLE AR 72927 USA,-93.9362488,35.1411653
1306 WEST COLLIN RAYE DRIVE DE QUEEN AR 71832 USA,-94.3578339,34.046113
451 WEST LOCKE STREET ASHDOWN AR 71822 USA,-94.1348787,33.6695487
3050 TWIN RIVERS DRIVE ARKADELPHIA AR 71923 USA,-93.0887361,34.1228264
679 NORTH MAIN STREET SALEM AR 72576 USA,-91.8119776,36.3831216
1015 UNITY ROAD CROSSETT AR 71635 USA,-91.9388508,33.1384226
#4 HOSPITAL DRIVE MORRILTON AR 72110 USA,NA,NA
811 HIGHWAY 65 SOUTH DUMAS AR 71639 USA,-91.4817433,33.8743764
404 SOUTH BRADLEY STREET WARREN AR 71671 USA,-92.0586696,33.6110865
2729 SOUTH HIGHWAY 65 & 82 LAKE VILLAGE AR 71653 USA,-92.4494229,35.5563796
214 CARTER STREET BERRYVILLE AR 72616 USA,-93.5518648,36.3589859
1206 GORDON DUCKWORTH DRIVE PIGGOTT AR 72454 USA,-90.2046635,36.3918861
1101 JACKSON STREET SW GRAVETTE AR 72736 USA,-94.4593416,36.408641
"1 CHILDREN'S WAY, SLOT 301 LITTLE ROCK AR 72202 USA",-92.2975183,34.7359274
27200 CALAROGA AVE HAYWARD CA 94545 USA,-122.0882534,37.6335775
2700 DOLBEER ST EUREKA CA 95501 USA,-124.1422119,40.7839228
1501 TROUSDALE DRIVE BURLINGAME CA 94010 USA,-122.3833423,37.5921025
601 DUBOCE AVE SAN FRANCISCO CA 94117 USA,-122.4345939,37.7682373
1000 TRANCAS ST NAPA CA 94558 USA,-122.2966229,38.3251588
10 WOODLAND ROAD SAINT HELENA CA 94574 USA,-122.4748268,38.5425501
200 MISSION BLVD JACKSON CA 95642 USA,-120.764465,38.3504826
4001 J ST SACRAMENTO CA 95819 USA,-121.4524082,38.5702596
531 W COLLEGE ST LOS ANGELES CA 90012 USA,-118.2391378,34.0650737
4445 MAGNOLIA AVENUE RIVERSIDE CA 92501 USA,-117.3816002,33.9767808
2400 EAST 4TH ST NATIONAL CITY CA 91950 USA,-117.0828852,32.6851132
200 WEST ARBOR DRIVE SAN DIEGO CA 92103 USA,-117.1658067,32.7545234
5555 GROSSMONT CENTER DRIVE BOX 58 LA MESA CA 91942 USA,-117.0146736,32.7749487
3800 JANES RD ARCATA CA 95521 USA,-124.0916707,40.8963361
2767 OLIVE HIGHWAY OROVILLE CA 95966 USA,-121.5410928,39.5062597
420 34TH ST BOX 1888 BAKERSFIELD CA 93301 USA,-119.0168962,35.3873576
751 SOUTH BASCOM AVENUE SAN JOSE CA 95128 USA,-121.933458,37.3132072
1531 ESPLANADE CHICO CA 95926 USA,-121.8501891,39.7421399
14445 OLIVE VIEW DRIVE SYLMAR CA 91342 USA,-118.4459572,34.3259095
2550 SISTER MARY COLUMBA DRIVE RED BLUFF CA 96080 USA,-122.2190196,40.1485519
350 HAWTHORNE AVENUE OAKLAND CA 94609 USA,-122.2630661,37.8215453
1415 ROSS AVENUE EL CENTRO CA 92243 USA,-115.5683905,32.7803961
2333 BUCHANAN STREET SAN FRANCISCO CA 94115 USA,-122.4311512,37.7907806
600 NORTH HIGHLAND SPRINGS AVENUE BANNING CA 92220 USA,-116.9459031,33.9317494
3555 CESAR CHAVEZ STREET SAN FRANCISCO CA 94110 USA,-122.420695,37.7477035
1600 W AVE J LANCASTER CA 93534 USA,-118.1568167,34.7039649
400 W MINERAL KING AVE VISALIA CA 93291 USA,-119.2949631,36.3282957
1420 S CENTRAL AVE GLENDALE CA 91204 USA,-118.2569118,34.1281181
2823 FRESNO STREET FRESNO CA 93721 USA,-119.7840085,36.7428148
1300 N VERMONT AVE LOS ANGELES CA 90027 USA,-118.2905784,34.0962209
350 S OAK AVE OAKDALE CA 95361 USA,-120.86109,37.757078
1100 WEST STEWART DR ORANGE CA 92868 USA,-117.8652001,33.7819985
1200 EL CAMINO REAL SOUTH SAN FRANCISCO CA 94080 USA,-122.4393133,37.6591974
700 LAWRENCE EXPRESSWAY SANTA CLARA CA 95051 USA,-121.99833,37.3358952
1425 S MAIN STREET WALNUT CREEK CA 94596 USA,-122.0588864,37.8915785
975 SERENO DR VALLEJO CA 94589 USA,-122.2484432,38.12767
275 W MACARTHUR BOULEVARD OAKLAND CA 94611 USA,-122.2578859,37.8240731
2425 GEARY BLVD SAN FRANCISCO CA 94115 USA,-122.4432896,37.7823277
4077 5TH AVE SAN DIEGO CA 92103 USA,-117.1600534,32.7514518
1300 W 7TH ST SAN PEDRO CA 90732 USA,-118.3049135,33.738196
1600 N ROSE AVE OXNARD CA 93030 USA,-119.1556484,34.2166424
1800 N CALIFORNIA ST STOCKTON CA 95204 USA,-121.288784,37.9706584
1805 MEDICAL CENTER DRIVE SAN BERNARDINO CA 92411 USA,-117.3217772,34.1314087
347 ANDRIEUX ST SONOMA CA 95476 USA,-122.4651441,38.2881092
2623 E SLAUSON AVE HUNTINGTON PARK CA 90255 USA,-118.2241554,33.9896228
1303 E HERNDON AVE FRESNO CA 93710 USA,-119.7655278,36.8352022
725 S ORANGE AVE WEST COVINA CA 91790 USA,-117.944755,34.071352
999 SAN BERNARDINO ROAD UPLAND CA 91786 USA,-117.6378263,34.1015661
7901 FROST ST SAN DIEGO CA 92123 USA,-117.1542381,32.7994945
300 HOSPITAL DR VALLEJO CA 94589 USA,-122.2373874,38.1311568
3865 JACKSON STREET RIVERSIDE CA 92503 USA,-117.4398166,33.9269682
1720 E CESAR AVENUE LOS ANGELES CA 90033 USA,-118.2172453,34.0492542
3630 EAST IMPERIAL HIGHWAY LYNWOOD CA 90262 USA,-118.203332,33.9296289
1400 E CHURCH ST SANTA MARIA CA 93454 USA,-120.4133339,34.9512414
2825 CAPITOL AVENUE SACRAMENTO CA 95816 USA,-121.4695318,38.5708904
1515 E OCEAN AVENUE LOMPOC CA 93436 USA,-120.4395053,34.6408156
1250 16TH STREET SANTA MONICA CA 90404 USA,-118.4866344,34.0271164
222 W 39TH AVE SAN MATEO CA 94403 USA,-122.2992982,37.5312682
555 E VALLEY PARKWAY ESCONDIDO CA 92025 USA,-117.0752748,33.1251852
18300 ROSCOE BLVD NORTHRIDGE CA 91325 USA,-118.5331136,34.2200955
1205 E NORTH STREET MANTECA CA 95336 USA,-121.197502,37.80155
115 MALL DRIVE HANFORD CA 93230 USA,-119.6664466,36.3237872
525 WEST ACACIA STREET STOCKTON CA 95203 USA,-121.3019237,37.9615265
1812 VERDUGO BLVD GLENDALE CA 91209 USA,-118.216049,34.2045351
225 N JACKSON AVENUE SAN JOSE CA 95116 USA,-121.8493151,37.3623124
15107 VANOWEN ST VAN NUYS CA 91406 USA,-118.46319,34.194945
1325 COTTONWOOD STREET WOODLAND CA 95695 USA,-121.79212,38.664038
4002 VISTA WAY OCEANSIDE CA 92056 USA,-117.2902595,33.1851545
2101 N WATERMAN AVE SAN BERNARDINO CA 92404 USA,-117.2769883,34.1348371
180 ROWLAND WAY NOVATO CA 94945 USA,-122.5603633,38.0993115
438 W LAS TUNAS DRIVE SAN GABRIEL CA 91776 USA,-118.1058755,34.1007415
726 4TH ST MARYSVILLE CA 95901 USA,-121.5940156,39.1381926
6245 DE LONGPRE AVE HOLLYWOOD CA 90028 USA,-118.3251971,34.0964446
400 N MCDOWELL BLVD PETALUMA CA 94954 USA,-122.6316537,38.25459
13652 CANTARA ST PANORAMA CITY CA 91402 USA,-118.4300562,34.2187902
4867 SUNSET BLVD LOS ANGELES CA 90027 USA,-118.2944131,34.098423
9333 IMPERIAL HIGHWAY DOWNEY CA 90242 USA,-118.1288114,33.9192416
9961 SIERRA AVE FONTANA CA 92335 USA,-117.4319594,34.0722374
23625 W R HOLMAN HIGHWAY MONTEREY CA 93940 USA,-121.913238,36.5790057
1401 SOUTH GRAND AVENUE LOS ANGELES CA 90015 USA,-118.2657814,34.0373956
155 GLASSON WAY GRASS VALLEY CA 95945 USA,-121.0468913,39.2281029
900 HYDE ST SAN FRANCISCO CA 94109 USA,-122.4166422,37.7896472
2105 FOREST AVENUE SAN JOSE CA 95128 USA,-121.9383789,37.3277552
16237 VENTURA BLVD ENCINO CA 91436 USA,-118.4870689,34.1575872
3291 LOMA VISTA RD VENTURA CA 93003 USA,-119.252029,34.2766626
500 W HOSPITAL ROAD FRENCH CAMP CA 95231 USA,-121.2826314,37.8867135
101 E VALENCIA MESA DRIVE FULLERTON CA 92835 USA,-117.9276156,33.8941778
12401 WASHINGTON BLVD WHITTIER CA 90602 USA,-118.0490733,33.9698041
1165 MONTGOMERY DR SANTA ROSA CA 95405 USA,-122.701141,38.4437611
825 DELBON AVE TURLOCK CA 95382 USA,-120.837996,37.511639
1601 YGNACIO VALLEY RD WALNUT CREEK CA 94598 USA,-122.0408542,37.9130871
300 CANAL STREET KING CITY CA 93930 USA,-121.1328356,36.2060766
1050 LINDEN AVE LONG BEACH CA 90813 USA,-118.1862669,33.7798859
372 W CYPRESS AVE REEDLEY CA 93654 USA,-119.4517641,36.6080787
75 NIELSON STREET WATSONVILLE CA 95076 USA,-121.7930016,36.9271746
2000 MOWRY AVE FREMONT CA 94538 USA,-121.9797604,37.55726
1025 N DOUTY ST HANFORD CA 93230 USA,-119.6453419,36.3360632
170 ALAMEDA DE LAS PULGAS REDWOOD CITY CA 94062 USA,-122.2547914,37.4797381
38600 MEDICAL CENTER DRIVE PALMDALE CA 93552 USA,-118.1443812,34.582899
150 WEST ROUTE 66 GLENDORA CA 91740 USA,-117.8650746,34.1273073
2070 CLINTON AVENUE ALAMEDA CA 94501 USA,-122.2534154,37.7628157
751 MEDICAL CENTER COURT CHULA VISTA CA 91911 USA,-117.0229286,32.6187715
ONE HOAG DRIVE NEWPORT BEACH CA 92663 USA,-117.9300468,33.6247428
5974 PENTZ ROAD PARADISE CA 95969 USA,-121.5701689,39.7570818
1111 W LA PALMA AVENUE ANAHEIM CA 92801 USA,-117.9345264,33.8481751
1001 POTRERO AVENUE SAN FRANCISCO CA 94110 USA,-122.4044432,37.7558047
12601 GARDEN GROVE BLVD GARDEN GROVE CA 92843 USA,-117.9129403,33.7749127
1798 N GAREY AVE POMONA CA 91767 USA,-117.7514976,34.0770077
1911 JOHNSON AVE SAN LUIS OBISPO CA 93401 USA,-120.6511558,35.2781709
250 PROSPECT PLACE CORONADO CA 92118 USA,-117.1686795,32.6944487
501 SOUTH BUENA VISTA BURBANK CA 91505 USA,-118.3281063,34.1558174
2975 N SYCAMORE DR SIMI VALLEY CA 93065 USA,-118.745137,34.2892065
300 W HUNTINGTON DR ARCADIA CA 91006 USA,-118.0394267,34.1355055
1509 E WILSON TERRACE GLENDALE CA 91206 USA,-118.2300858,34.1503219
1555 SOQUEL DRIVE SANTA CRUZ CA 95065 USA,-121.9836669,36.9901663
1150 NORTH INDIAN CANYON DRIVE PALM SPRINGS CA 92262 USA,-116.54408,33.8385169
400 NORTH PEPPER AVENUE COLTON CA 92324 USA,-117.351059,34.0740531
1441 CONSTITUTION BOULEVARD SALINAS CA 93906 USA,-121.6331609,36.6973764
1100 MARSHALL WAY PLACERVILLE CA 95667 USA,-120.7914788,38.7247393
901 OLIVE DRIVE BAKERSFIELD CA 93308 USA,-119.0395895,35.4117079
2615 E. CLINTON AVENUE FRESNO CA 93703 USA,-119.7797421,36.7733235
465 W PUTNAM AVE PORTERVILLE CA 93257 USA,-119.027485,36.069563
757 WESTWOOD PLAZA LOS ANGELES CA 90095 USA,-118.4463136,34.0664433
350 TERRACINA BLVD REDLANDS CA 92373 USA,-117.2051741,34.0365372
2500 ALHAMBRA AVENUE MARTINEZ CA 94553 USA,-122.1327937,38.006764
15031 RINALDI ST MISSION HILLS CA 91346 USA,-118.460335,34.280154
6601 WHITE FEATHER ROAD JOSHUA TREE CA 92252 USA,-116.2762479,34.1326967
5901 E. SEVENTH STREET LONG BEACH CA 90822 USA,-118.1190656,33.7770897
"2175 ROSALINE AVE, CLAIRMONT HGTS REDDING CA 96001 USA",-122.3916754,40.5865396
100 S RAYMOND AVE ALHAMBRA CA 91801 USA,-118.1439897,34.090234
5555 WEST LAS POSITAS BOULEVARD PLEASANTON CA 94588 USA,-121.8802082,37.6944052
1900 SULLIVAN AVENUE DALY CITY CA 94015 USA,-122.4742007,37.6799404
2121 SANTA MONICA BLVD SANTA MONICA CA 90404 USA,-118.4796069,34.0307388
30 MARK WEST SPRINGS ROAD SANTA ROSA CA 95403 USA,-122.7519949,38.4950726
26520 CACTUS AVENUE MORENO VALLEY CA 92555 USA,-117.1960044,33.9121777
2215 TRUXTUN AVENUE BAKERSFIELD CA 93301 USA,-119.0277766,35.3728466
911 SUNSET DRIVE HOLLISTER CA 95023 USA,-121.3861055,36.8338985
820 E MOUNTAIN VIEW STREET BARSTOW CA 92311 USA,-117.017066,34.892431
18300 HIGHWAY 18 APPLE VALLEY CA 92307 USA,-117.2655636,34.5418476
275 HOSPITAL DRIVE UKIAH CA 95482 USA,-123.2030161,39.1531894
2450 ASHBY AVE BERKELEY CA 94705 USA,-122.2571526,37.8554349
2500 GRANT ROAD MOUNTAIN VIEW CA 94040 USA,-122.0799117,37.3694772
ONE MEDICAL PLAZA ROSEVILLE CA 95661 USA,-121.2489287,38.7664738
10535 HOSPITAL WAY MATHER CA 95655 USA,-121.2955588,38.5730516
1420 N TRACY BLVD TRACY CA 95376 USA,-121.4343343,37.7440837
1700 MOUNT VERNON AVENUE BAKERSFIELD CA 93306 USA,-118.9705331,35.3829347
3801 MIRANDA AVENUE PALO ALTO CA 94304 USA,-122.1401885,37.4056056
1411 E 31ST STREET OAKLAND CA 94602 USA,-122.2316531,37.7985416
9888 GENESEE AVENUE LA JOLLA CA 92037 USA,-117.2254471,32.8850878
11234 ANDERSON ST LOMA LINDA CA 92354 USA,-117.2641774,34.0494519
800 SOUTH MAIN STREET CORONA CA 92882 USA,-117.5683133,33.8727795
450 EAST ROMIE LANE SALINAS CA 93901 USA,-121.646662,36.6593319
1000 GREENLEY ROAD SONORA CA 95370 USA,-120.3712182,37.9772338
975 S FAIRMONT AVENUE LODI CA 95240 USA,-121.286652,38.121858
207 WEST LEGION ROAD BRAWLEY CA 92227 USA,-115.5539066,32.9591125
101 CITY DRIVE SOUTH ORANGE CA 92868 USA,-117.8902578,33.7880681
309 W BEVERLY BLVD MONTEBELLO CA 90640 USA,-118.100636,34.015015
3330 LOMITA BLVD TORRANCE CA 90509 USA,-118.3434945,33.8119157
2170 SOUTH AVENUE SOUTH LAKE TAHOE CA 96150 USA,-119.9977995,38.911636
4101 TORRANCE BLVD TORRANCE CA 90503 USA,-118.3571537,33.8385387
351 S PATTERSON AVE SANTA BARBARA CA 93111 USA,-119.8103152,34.4338579
869 CHERRY AVENUE TULARE CA 93274 USA,-119.3385341,36.2210166
"250 BON AIR ROAD, PO BOX 8010 GREENBRAE CA 94904 USA",-122.5361197,37.9473222
1200 B  GALE WILSON BLVD FAIRFIELD CA 94533 USA,-122.0476112,38.2618553
"1200 N STATE ST, ROOM C2K100 LOS ANGELES CA 90033 USA",-118.2081617,34.0577573
1000 W CARSON ST TORRANCE CA 90502 USA,-118.2918447,33.8307253
9449 SAN FERNANDO RD SUN VALLEY CA 91352 USA,-118.396317,34.2401849
2425 SAMARITAN DRIVE SAN JOSE CA 95124 USA,-121.9463306,37.2520715
210 W  SAN BERNARDINO ROAD COVINA CA 91723 USA,-117.8934248,34.0880807
1117 EAST DEVONSHIRE HEMET CA 92543 USA,-116.9601344,33.7501053
11500 BROOKSHIRE AVENUE DOWNEY CA 90241 USA,-118.1309876,33.9343061
147 N BRENT ST VENTURA CA 93003 USA,-119.2579873,34.2745632
400 WEST PUEBLO SANTA BARBARA CA 93102 USA,-119.7233601,34.4299066
1191 PHELPS AVENUE COALINGA CA 93210 USA,-120.33988,36.151509
845 JACKSON ST SAN FRANCISCO CA 94133 USA,-122.4091831,37.7954781
25825 SOUTH VERMONT AVENUE HARBOR CITY CA 90710 USA,-118.2957229,33.7887411
1650 CREEKSIDE DRIVE FOLSOM CA 95630 USA,-121.1460932,38.6701979
800 E WASHINGTON BLVD CRESCENT CITY CA 95531 USA,-124.194008,41.7736843
250 NORTH FIRST STREET BLYTHE CA 92225 USA,-114.5950921,33.612993
10666 NORTH TORREY PINES ROAD LA JOLLA CA 92037 USA,-117.2428159,32.8972329
2025 MORSE AVENUE SACRAMENTO CA 95825 USA,-121.3919202,38.6018632
3033 W ORANGE AVENUE ANAHEIM CA 92804 USA,-117.9949153,33.8254664
199 EAST WEBSTER ST COLUSA CA 95932 USA,-122.0009014,39.2064234
100 W  CALIFORNIA BLVD PASADENA CA 91109 USA,-118.152753,34.133639
300 PASTEUR DRIVE STANFORD CA 94305 USA,-122.1752704,37.4330651
333 MERCY AVENUE MERCED CA 95340 USA,-120.4672958,37.339977
"505 PARNASSUS AVE, BOX 0296 SAN FRANCISCO CA 94143 USA",-122.4571623,37.7642093
2615 CHESTER AVENUE BAKERSFIELD CA 93301 USA,-119.0205429,35.3833475
450 STANYAN ST SAN FRANCISCO CA 94117 USA,-122.4536477,37.7740462
1441 FLORIDA AVENUE MODESTO CA 95350 USA,-120.9972995,37.6652146
1145 W REDONDO BEACH BLVD GARDENA CA 90247 USA,-118.294803,33.8929624
1225 WILSHIRE BOULEVARD LOS ANGELES CA 90017 USA,-118.2650593,34.0541988
7300 MEDICAL CENTER DR WEST HILLS CA 91307 USA,-118.6287791,34.2029255
2801 ATLANTIC AVE LONG BEACH CA 90806 USA,-118.1867435,33.8081074
20103 LAKE CHABOT ROAD CASTRO VALLEY CA 94546 USA,-122.0896915,37.6983405
2755 HERNDON AVE CLOVIS CA 93611 USA,-119.660354,36.8390429
2540 EAST ST CONCORD CA 94520 USA,-122.0335666,37.9835131
11815 EDUCATION STREET AUBURN CA 95603 USA,-121.1000785,38.9451031
2131 W 3RD ST LOS ANGELES CA 90057 USA,-118.2736685,34.063829
354 SANTA FE DRIVE ENCINITAS CA 92024 USA,-117.2839126,33.0369008
1010 MURRAY ST SAN LUIS OBISPO CA 93405 USA,-120.6658831,35.2922246
99 MONTECILLO RD SAN RAFAEL CA 94903 USA,-122.5549508,38.0043452
39400 PASEO PADRE PKWY FREMONT CA 94538 USA,-121.974401,37.5524244
4647 ZION AVE SAN DIEGO CA 92120 USA,-117.0951878,32.7913395
6501 COYLE AVE CARMICHAEL CA 95608 USA,-121.3140357,38.6696228
15248 11TH ST VICTORVILLE CA 92392 USA,-117.293911,34.528167
3901 LONE TREE WAY ANTIOCH CA 94509 USA,-121.8029547,37.9825868
17772 BEACH BLVD HUNTINGTON BEACH CA 92647 USA,-117.986656,33.70364
520 WEST I ST LOS BANOS CA 93635 USA,-120.8593104,37.0640744
47111 MONROE STREET INDIO CA 92201 USA,-116.2354774,33.7062167
2000 SUTTER PLACE DAVIS CA 95616 USA,-121.7708959,38.5626044
1100 VETERANS BOULEVARD REDWOOD CITY CA 94063 USA,-122.2251548,37.4891185
301 VICTORIA STREET COSTA MESA CA 92627 USA,-117.91198,33.651829
215 W JANSS RD THOUSAND OAKS CA 91360 USA,-118.8831028,34.2069857
3751 KATELLA AVENUE LOS ALAMITOS CA 90720 USA,-118.0671158,33.8043758
23388 MULHOLLAND DRIVE WOODLAND HILLS CA 91364 USA,-118.6357402,34.1569807
1700 COFFEE RD MODESTO CA 95355 USA,-120.9737865,37.6687592
6041 CADILLAC AVE LOS ANGELES CA 90034 USA,-118.3759001,34.0383466
27700 MEDICAL CENTER RD MISSION VIEJO CA 92691 USA,-117.6654655,33.5610516
1250 E ALMOND AVE MADERA CA 93637 USA,-120.0443662,36.9440246
17100 EUCLID STREET FOUNTAIN VALLEY CA 92708 USA,-117.9357865,33.7150242
39-000 BOB HOPE DRIVE RANCHO MIRAGE CA 92270 USA,-116.4071663,33.7426321
21530 S PIONEER BLVD HAWAIIAN GARDENS CA 90716 USA,-118.0797979,33.8335913
7901 WALKER STREET LA PALMA CA 90623 USA,-118.038414,33.847533
3700 E SOUTH ST LAKEWOOD CA 90712 USA,-118.1492012,33.859731
5451 WALNUT AVE CHINO CA 91710 USA,-117.6858572,34.0255174
1350 W COVINA BLVD SAN DIMAS CA 91773 USA,-117.8346593,34.0976119
1301 N ROSE DRIVE PLACENTIA CA 92870 USA,-117.8434267,33.887072
7500 HOSPITAL DRIVE SACRAMENTO CA 95823 USA,-121.4163638,38.4631737
250 S GRAND AVE GLENDORA CA 91740 USA,-117.872548,34.1234804
2315 STOCKTON BOULEVARD SACRAMENTO CA 95817 USA,-121.4563081,38.5547605
24451 HEALTH CENTER DRIVE LAGUNA HILLS CA 92653 USA,-117.7087247,33.6089013
250 HOSPITAL PARKWAY SAN JOSE CA 95119 USA,-121.8002485,37.2397615
1401 GARCES HIGHWAY DELANO CA 93215 USA,-119.238952,35.7623351
3440 E LA PALMA AVE ANAHEIM CA 92806 USA,-117.8441325,33.8520823
2309 ANTONIO AVE CAMARILLO CA 93010 USA,-119.0198129,34.2434645
23845  MCBEAN PKWY VALENCIA CA 91355 USA,-118.5618066,34.4167401
8700 BEVERLY BLVD LOS ANGELES CA 90048 USA,-118.3802766,34.075153
1100 LAS TABLAS RD TEMPLETON CA 93465 USA,-120.7197485,35.5553302
15615 POMERADO ROAD POWAY CA 92064 USA,-117.0562883,32.9965785
4060 WHITTIER BLVD LOS ANGELES CA 90023 USA,-118.1841496,34.0237682
4081 E OLYMPIC BLVD LOS ANGELES CA 90023 USA,-118.1867199,34.0193964
375 LAGUNA HONDA BLVD SAN FRANCISCO CA 94116 USA,-122.4592484,37.7472906
6600 BRUCEVILLE ROAD SACRAMENTO CA 95823 USA,-121.4216412,38.4699104
5601 DE SOTO WOODLAND HILLS CA 91367 USA,-118.5899359,34.1703846
9920 TALBERT AVENUE FOUNTAIN VALLEY CA 92708 USA,-117.9556226,33.7003907
28400 MCCALL B0ULEVARD SUN CITY CA 92585 USA,-117.1645046,33.7194657
10800 MAGNOLIA AVENUE RIVERSIDE CA 92505 USA,-117.4690484,33.9046214
9400 NO NAME UNO GILROY CA 95020 USA,-121.5713901,37.0365453
6001 NORRIS CANYON ROAD SAN RAMON CA 94583 USA,-121.958214,37.775892
401 BICENTENNIAL WAY SANTA ROSA CA 95403 USA,-122.7270141,38.47212
1500 SAN PABLO ST LOS ANGELES CA 90033 USA,-118.2014203,34.0619631
2900 EUREKA WAY REDDING CA 96001 USA,-122.4167985,40.5859177
25500 MEDICAL CENTER DRIVE MURRIETA CA 92562 USA,-117.1839316,33.5589878
14850 ROSCOE BLVD PANORAMA CITY CA 91402 USA,-118.4567848,34.2209059
6125 NORTH FRESNO ST FRESNO CA 93710 USA,-119.7820106,36.825095
16850 BEAR VALLEY RD VICTORVILLE CA 92395 USA,-117.2977603,34.4717272
7300 NORTH FRESNO ST FRESNO CA 93720 USA,-119.7804757,36.8423418
2900 CHANTICLEER AVENUE SANTA CRUZ CA 95065 USA,-121.9774566,36.9877888
7601 EAST IMPERIAL HIGHWAY DOWNEY CA 90242 USA,-118.1588846,33.9294861
1011 BALDWIN PARK BLVD BALDWIN PARK CA 91706 USA,-117.9864524,34.0655016
3001 SILLECT AVENUE BAKERSFIELD CA 93308 USA,-119.0399564,35.3848085
1421 OAKDALE ROAD MODESTO CA 95355 USA,-120.9585188,37.6647944
1720 TERMINO AVENUE LONG BEACH CA 90804 USA,-118.1452922,33.7884737
15 EAST AUDUBON DRIVE FRESNO CA 93720 USA,-119.788578,36.859923
9080 COLIMA RD WHITTIER CA 90605 USA,-118.0034266,33.9500226
900 S ATLANTIC BLVD MONTEREY PARK CA 91754 USA,-118.1383147,34.0494129
525 N GARFIELD AVE MONTEREY PARK CA 91754 USA,-118.1238043,34.0678947
1701 SANTA ANITA AVE SOUTH EL MONTE CA 91733 USA,-118.043372,34.0481521
555 EAST HARDY STREET INGLEWOOD CA 90301 USA,-118.3482572,33.9507828
4650 LINCOLN BLVD MARINA DEL REY CA 90291 USA,-118.4392683,33.9821473
5900 WEST OLYMPIC BOULEVARD LOS ANGELES CA 90036 USA,-118.3602519,34.0571449
1025 S ANAHEIM BLVD ANAHEIM CA 92805 USA,-117.9094512,33.8198344
2601 E CHAPMAN AVE ORANGE CA 92869 USA,-117.8263367,33.7885118
1001 NORTH TUSTIN AVENUE SANTA ANA CA 92705 USA,-117.8328997,33.7542343
2701 S BRISTOL ST SANTA ANA CA 92704 USA,-117.8846271,33.7111431
1777 WEST YOSEMITE AVE MANTECA CA 95337 USA,-121.246197,37.79803
6000 SAN VICENTE BLVD LOS ANGELES CA 90036 USA,-118.3623356,34.0573179
570 WILLOW ROAD MENLO PARK CA 94025 USA,-122.1590322,37.4615128
4929 VAN NUYS BLVD SHERMAN OAKS CA 91403 USA,-118.4496328,34.1602305
6655 ALVARADO ROAD SAN DIEGO CA 92120 USA,-117.057335,32.7772425
5000 SAN BERNARDINO ST MONTCLAIR CA 91763 USA,-117.6959434,34.0787027
4501 SAND CREEK ROAD ANTIOCH CA 94531 USA,-121.7752716,37.9508561
18321 CLARK STREET TARZANA CA 91356 USA,-118.5322725,34.1704136
1711 WEST TEMPLE STREET LOS ANGELES CA 90026 USA,-118.2635015,34.0696967
1100 BUTTE ST REDDING CA 96001 USA,-122.3877763,40.5855146
27300 IRIS AVENUE MORENO VALLEY CA 92555 USA,-117.186026,33.897404
455 PLUMAS BLVD YUBA CITY CA 95991 USA,-121.6133756,39.1317646
1 QUALITY DRIVE VACAVILLE CA 95688 USA,-121.9380985,38.3885135
16250 SAND CANYON AVENUE IRVINE CA 92618 USA,-117.7724594,33.6607471
28062 BAXTER ROAD MURRIETA CA 92563 USA,-117.1691492,33.6145875
13100 STUDERBAKER ROAD NORWALK CA 90650 USA,-118.0984864,33.9125716
1600 EUREKA ROAD ROSEVILLE CA 95661 USA,-121.2506572,38.7474074
13855 E 14TH STREET SAN LEANDRO CA 94578 USA,-122.1433524,37.7122362
31700 TEMECULA PKWY TEMECULA CA 92592 USA,-117.1060989,33.4811362
2776 PACIFIC AVENUE LONG BEACH CA 90806 USA,-118.1930627,33.8068909
2500 MERCED STREET SAN LEANDRO CA 94577 USA,-122.1651409,37.7063601
11234 ANDERSON STREET SUITE A LOMA LINDA CA 92354 USA,-117.2641774,34.0494519
1680 EAST 120TH STREET LOS ANGELES CA 90059 USA,-118.2451528,33.9239277
14662 NEWPORT AVE TUSTIN CA 92780 USA,-117.8283481,33.7305509
3350 LA JOLLA VILLAGE DRIVE SAN DIEGO CA 92161 USA,-117.2323881,32.8751298
11201 BENTON STREET LOMA LINDA CA 92357 USA,-117.2498122,34.0499825
11301 WILSHIRE BLVD. WEST LOS ANGELES CA 90073 USA,-118.4652446,34.0597964
500 FIRST AVENUE PORTOLA CA 96122 USA,-120.4623189,39.8056386
115 WEST E STREET TEHACHAPI CA 93561 USA,-118.4487398,35.13036
501 EAST LOCUST STREET LONE PINE CA 93545 USA,-118.057944,36.609048
85 SIERRA PARK ROAD PO BOX 660 MAMMOTH LAKES CA 93546 USA,-118.9636244,37.644145
5189 HOSPITAL ROAD MARIPOSA CA 95338 USA,-119.977678,37.500397
43563 HWY 299 EAST FALL RIVER MILLS CA 96028 USA,-121.4242866,41.0244281
1133 W SYCAMORE ST WILLOWS CA 95988 USA,-122.2078999,39.5204886
100 FALLS CANYON ROAD AVALON CA 90704 USA,-118.330794,33.339259
741 NORTH MAIN STREET CEDARVILLE CA 96104 USA,-120.171875,41.5331981
733 CEDAR ST GARBERVILLE CA 95542 USA,-123.7925979,40.1016001
4150 CLEMENT STREET SAN FRANCISCO CA 94121 USA,-122.5048554,37.7823359
1 MARCELA DR WILLITS CA 95490 USA,-123.3393038,39.3904852
240 SPRUCE STREET GRIDLEY CA 95948 USA,-121.689563,39.3676216
29101 HOSPITAL ROAD LAKE ARROWHEAD CA 92352 USA,-117.168506,34.265453
6412 LAUREL AVE LAKE ISABELLA CA 93240 USA,-118.4063665,35.6353649
60 EASTER AVENUE WEAVERVILLE CA 96093 USA,-122.9419671,40.7408426
444 BRUCE STREET YREKA CA 96097 USA,-122.6459062,41.7193654
15630 18TH AVE - HWY 53 CLEARLAKE CA 95422 USA,-122.6263728,38.9582307
3300 RENNER DRIVE FORTUNA CA 95540 USA,-124.136518,40.58232
914 PINE STREET MOUNT SHASTA CA 96067 USA,-122.3211994,41.3186614
1800 SPRING RIDGE DRIVE SUSANVILLE CA 96130 USA,-120.6278131,40.4366726
1375 UNIVERSITY AVENUE HEALDSBURG CA 95448 USA,-122.8644242,38.6271662
1401 BAILEY AVE NEEDLES CA 92363 USA,-114.6183194,34.8328328
150 PIONEER LANE BISHOP CA 93514 USA,-118.4061853,37.3619709
700 RIVER DR FORT BRAGG CA 95437 USA,-123.8014978,39.4325938
1065 BUCKS LAKE ROAD QUINCY CA 95971 USA,-120.9621565,39.9389412
130 BRENTWOOD DRIVE CHESTER CA 96020 USA,-121.2342643,40.3054735
10121 PINE AVE TRUCKEE CA 96161 USA,-120.2006987,39.3250383
5176 HILL ROAD EAST LAKEPORT CA 95453 USA,-122.906501,39.1044281
228 W MCDOWELL AVE ALTURAS CA 96101 USA,-120.545394,41.4799986
2050 VIBORG RD SOLVANG CA 93463 USA,-120.1262136,34.6020433
768 MOUNTAIN RANCH RD SAN ANDREAS CA 95249 USA,-120.6703328,38.1903431
1306 MARICOPA HWY OJAI CA 93023 USA,-119.2643526,34.4428287
41870 GARSTIN DR BIG BEAR LAKE CA 92315 USA,-116.8890395,34.2460013
4650 SUNSET BLVD LOS ANGELES CA 90027 USA,-118.2900987,34.0975666
725 WELCH ROAD PALO ALTO CA 94304 USA,-122.1750352,37.4360743
2801 ATLANTIC AVENUE LONG BEACH CA 90806 USA,-118.1867435,33.8081074
1801 16TH STREET GREELEY CO 80631 USA,-104.7089,40.414806
1950 MOUNTAIN VIEW AVENUE LONGMONT CO 80501 USA,-105.1259282,40.1823027
1600 PRAIRIE CENTER PARKWAY BRIGHTON CO 80601 USA,-104.7685472,39.9645491
800 S 3RD ST MONTROSE CO 81401 USA,-107.868883,38.480112
106 BLANCA AVE ALAMOSA CO 81101 USA,-105.8825469,37.4721919
8300 W 38TH AVE WHEAT RIDGE CO 80033 USA,-105.0898988,39.7681121
1024 S LEMAY AVE FORT COLLINS CO 80524 USA,-105.0566352,40.5719183
777 BANNOCK ST DENVER CO 80204 USA,-104.9910209,39.7281192
1008 MINNEQUA AVE PUEBLO CO 81004 USA,-104.6234103,38.2340346
1010 THREE SPRINGS BLVD DURANGO CO 81301 USA,-107.8255618,37.2361018
1719 E 19TH AVE DENVER CO 80218 USA,-104.9665169,39.7470476
11600 WEST 2ND PLACE LAKEWOOD CO 80228 USA,-105.1287058,39.7170296
1338 PHAY AVE CANON CITY CO 81212 USA,-105.229732,38.4556633
400 W 16TH STREET PUEBLO CO 81003 USA,-104.6125748,38.2818539
1400 E BOULDER ST COLORADO SPRINGS CO 80909 USA,-104.7994262,38.8393845
2635 N 7TH STREET GRAND JUNCTION CO 81502 USA,-108.5627055,39.0904811
12605 EAST 16TH AVENUE AURORA CO 80045 USA,-104.8420288,39.7426294
4747 ARAPAHOE AVENUE BOULDER CO 80304 USA,-105.2362488,40.0163244
1375 EAST 19TH AVE DENVER CO 80218 USA,-104.9717268,39.7461882
2000 BOISE AVE LOVELAND CO 80538 USA,-105.0513281,40.4132365
2222 N NEVADA AVE COLORADO SPRINGS CO 80907 USA,-104.8217503,38.8655361
4567 E 9TH AVENUE DENVER CO 80220 USA,-104.9340998,39.7322365
501 E HAMPDEN AVENUE ENGLEWOOD CO 80113 USA,-104.9807177,39.6541703
1100 CARSON AVENUE LA JUNTA CO 81050 USA,-103.5488178,37.9788037
602 N 6TH W ST CHEYENNE WELLS CO 80810 USA,-102.3555888,38.8257209
1000 LINCOLN ST FORT MORGAN CO 80701 USA,-103.7955284,40.2601409
1024 CENTRAL PARK DR STEAMBOAT SPRINGS CO 80487 USA,-106.8150962,40.4633902
2351 G RD GRAND JUNCTION CO 81505 USA,-108.6152656,39.1051972
1055 CLERMONT STREET DENVER CO 80220 USA,-104.9361517,39.7321031
2525 S DOWNING ST DENVER CO 80210 USA,-104.9748268,39.670102
9191 GRANT ST THORNTON CO 80229 USA,-104.9854268,39.8634626
1501 E 3RD STREET DELTA CO 81416 USA,-108.047,38.7453999
1906 BLAKE AVE GLENWOOD SPRINGS CO 81601 USA,-107.3218091,39.5325996
615 FAIRHURST ST STERLING CO 80751 USA,-103.2206649,40.6126389
2121 N. AVENUE GRAND JUNCTION CO 81501 USA,-108.5399369,39.07011
181 W MEADOW DRIVE VAIL CO 81657 USA,-106.3822663,39.6435208
1501 S POTOMAC ST AURORA CO 80012 USA,-104.8323774,39.6900823
100 HEALTH PARK DRIVE LOUISVILLE CO 80027 USA,-105.1517462,39.9519333
14300 ORCHARD PARKWAY WESTMINSTER CO 80023 USA,-104.9911905,39.9564373
1400 JACKSON ST DENVER CO 80206 USA,-104.9411639,39.7390796
10101 RIDGE GATE PARKWAY LONE TREE CO 80124 USA,-104.871212,39.529099
7700 S BROADWAY LITTLETON CO 80122 USA,-104.9884341,39.5770482
9395 CROWN CREST BLVD PARKER CO 80138 USA,-104.7710383,39.5486133
200 EXEMPLA CIRCLE LAFAYETTE CO 80026 USA,-105.0863669,39.9705009
575 RIVERGATE LANE DURANGO CO 81301 USA,-107.870909,37.248115
340 PEAK ONE DRIVE FRISCO CO 80443 USA,-106.0781064,39.5700465
2500 ROCKY MOUNTAIN AVENUE LOVELAND CO 80538 USA,-104.9970122,40.4159268
11650 W 2ND PLACE LAKEWOOD CO 80228 USA,-105.1292035,39.7170565
2350 MEADOWS BLVD CASTLE ROCK CO 80109 USA,-104.8871068,39.405322
4700 LADY MOON DR FORT COLLINS CO 80528 USA,-105.0107695,40.5209072
1208 LUTHER STREET EADS CO 81036 USA,-102.7844717,38.4809175
310 COUNTY RD 14 DEL NORTE CO 81132 USA,-106.3647907,37.6743996
300 WEST OTTLEY AVENUE FRUITA CO 81521 USA,-108.7366139,39.1637032
2400 W EDISON ST BRUSH CO 80723 USA,-103.6492934,40.2555841
235 W FLETCHER STREET HAXTUN CO 80731 USA,-102.6304334,40.6414822
1001 E JOHNSON STREET HOLYOKE CO 80734 USA,-102.2911637,40.5785332
111 6TH ST HUGO CO 80821 USA,-103.4733777,39.1383185
225 EAGLECREST RANGELY CO 81648 USA,-108.8016069,40.0831641
19021 US HWY 285 LA JARA CO 81140 USA,-105.9635558,37.2661158
1017 W 7TH ST WRAY CO 80758 USA,-102.23422,40.075507
900 CEDAR STREET JULESBURG CO 80737 USA,-102.2689639,40.9936368
373 E TENTH AVE SPRINGFIELD CO 81073 USA,-102.612422,37.4042402
555 PROSPECT AVENUE ESTES PARK CO 80517 USA,-105.5151444,40.3716109
286 16TH STREET BURLINGTON CO 80807 USA,-102.2705758,39.3030065
750 HOSPITAL LOOP CRAIG CO 81625 USA,-107.5802156,40.5186546
1000 WEST 8TH AVENUE YUMA CO 80759 USA,-102.7364575,40.1185347
23500 US HWY 160 WALSENBURG CO 81089 USA,-104.8317598,37.6003444
501 AIRPORT ROAD RIFLE CO 81650 USA,-107.7700529,39.5211014
214 S 4TH STREET KREMMLING CO 80459 USA,-106.3904418,40.0569208
822 W 4TH STREET LEADVILLE CO 80461 USA,-106.3015194,39.2448899
711 N TAYLOR STREET GUNNISON CO 81230 USA,-106.9249511,38.5518625
410 BENEDICTA AVENUE TRINIDAD CO 81082 USA,-104.4878435,37.1736682
1000 RUSH DRIVE SALIDA CO 81201 USA,-106.0089748,38.5432072
401 KENDALL DRIVE LAMAR CO 81052 USA,-102.6085083,38.0700229
0401 CASTLE CREEK ROAD ASPEN CO 81611 USA,-106.8382276,39.1909426
100 PIONEERS MEDICAL CENTER DRIVE MEEKER CO 81641 USA,-107.9131299,40.0374733
16420 HIGHWAY 24 WOODLAND PARK CO 80863 USA,-105.07449,38.9746042
1311 N MILDRED RD CORTEZ CO 81321 USA,-108.5746312,37.3619424
95 SOUTH PAGOSA BOULEVARD PAGOSA SPRINGS CO 81147 USA,-107.079137,37.2521429
13123 EAST 16TH AVENUE AURORA CO 80045 USA,-104.8349463,39.7422232
114 WOODLAND STREET HARTFORD CT 06105 USA,-72.6984118,41.7749634
320 POMFRET STREET PUTNAM CT 06260 USA,-71.914523,41.909204
"50 HOSPITAL HILL ROAD, PO BOX 789 SHARON CT 06069 USA",-73.4814997,41.8810518
64 ROBBINS ST WATERBURY CT 06721 USA,-73.0594815,41.5594542
30 SHELBURNE ROAD STAMFORD CT 06904 USA,-73.5523739,41.0549536
365 MONTAUK AVE NEW LONDON CT 06320 USA,-72.1056047,41.3363078
201 CHESTNUT HILL RD STAFFORD SPRINGS CT 06076 USA,-72.3911022,41.9795964
267 GRANT STREET BRIDGEPORT CT 06610 USA,-73.1658783,41.1887903
540 LITCHFIELD ST TORRINGTON CT 06790 USA,-73.1338228,41.7915265
31 UNION ST ROCKVILLE CT 06066 USA,-72.4510396,41.8664853
56 FRANKLIN ST WATERBURY CT 06706 USA,-73.0368663,41.5529483
435 LEWIS AVENUE MERIDEN CT 06450 USA,-72.8011451,41.5493063
5 PERRYRIDGE RD GREENWICH CT 06830 USA,-73.630196,41.034308
300 SEASIDE AVENUE MILFORD CT 06460 USA,-73.0653002,41.2165182
28 CRESCENT ST MIDDLETOWN CT 06457 USA,-72.6470639,41.5544714
112 MANSFIELD AVENUE WILLIMANTIC CT 06226 USA,-72.2259329,41.7173432
20 YORK ST NEW HAVEN CT 06504 USA,-72.9357954,41.3045436
326 WASHINGTON ST NORWICH CT 06360 USA,-72.0879807,41.5430114
80 SEYMOUR STREET HARTFORD CT 06102 USA,-72.6791793,41.7541227
71 HAYNES ST MANCHESTER CT 06040 USA,-72.5255571,41.7818795
2800 MAIN ST BRIDGEPORT CT 06606 USA,-73.2016535,41.201187
BREWSTER RD BRISTOL CT 06010 USA,-72.9314067,41.6758208
130 DIVISION ST DERBY CT 06418 USA,-73.0891911,41.335133
24 HOSPITAL AVE DANBURY CT 06810 USA,-73.446289,41.4050857
24 STEVENS STREET NORWALK CT 06856 USA,-73.420307,41.111322
100 GRAND STREET NEW BRITAIN CT 06050 USA,-72.7869415,41.6610409
263 FARMINGTON AVE FARMINGTON CT 06032 USA,-72.7906181,41.7304054
22 MASONIC AVE WALLINGFORD CT 06492 USA,-72.8364962,41.4628121
950 CAMPBELL AVENUE WEST HAVEN CT 06516 USA,-72.9576103,41.2844004
1 ABRAHMS BOULEVARD WEST HARTFORD CT 06117 USA,-72.7257515,41.8016603
282 WASHINGTON STREET HARTFORD CT 06106 USA,-72.6818236,41.7536076
4755 OGLETOWN-STANTON ROAD NEWARK DE 19718 USA,-75.668995,39.6878859
7TH AND CLAYTON STS WILMINGTON DE 19805 USA,-75.5666186,39.7495353
640 S STATE STREET DOVER DE 19901 USA,-75.5236202,39.1512959
801 MIDDLEFORD RD SEAFORD DE 19973 USA,-75.6046615,38.6422067
424 SAVANNAH RD LEWES DE 19958 USA,-75.1438834,38.7720274
21 WEST CLARKE AVENUE MILFORD DE 19963 USA,-75.4326392,38.9071836
1601 KIRKWOOD HIGHWAY WILMINGTON DE 19805 USA,-75.6066093,39.7401895
900 23RD ST NW WASHINGTON DC 20037 USA,-77.0507854,38.9013368
2041 GEORGIA AVE NW WASHINGTON DC 20060 USA,-77.0199887,38.9175229
3800 RESERVOIR RD WASHINGTON DC 20007 USA,-77.0752748,38.9114532
5255 LOUGHBORO RD NW WASHINGTON DC 20016 USA,-77.1092589,38.9365582
1150 VARNUM ST NE WASHINGTON DC 20017 USA,-76.9915731,38.9437638
1310 SOUTHERN AVENUE  SE WASHINGTON DC 20032 USA,-76.9849936,38.8359393
110 IRVING ST NW WASHINGTON DC 20010 USA,-77.0144985,38.9295004
50 IRVING STREET N.W. WASHINGTON DC 20422 USA,-77.0105241,38.9311603
"111 MICHIGAN AVE, NW WASHINGTON DC 20010 USA",-77.0146728,38.9271809
5151 N 9TH AVE PENSACOLA FL 32504 USA,-87.2121942,30.4764994
3600 S HIGHLANDS AVE SEBRING FL 33870 USA,-81.432977,27.4656878
2190 HWY 85 N NICEVILLE FL 32578 USA,-86.4955846,30.5335439
4725 N FEDERAL HWY FORT LAUDERDALE FL 33308 USA,-80.1201132,26.186259
3001 W MARTIN LUTHER KING JR BLVD TAMPA FL 33677 USA,-82.491115,27.9821273
10000 BAY PINES BLVD. BAY PINES FL 33708 USA,-82.778691,27.8103886
159 N 3RD ST MACCLENNY FL 32063 USA,-82.118752,30.285139
40100 US HWY 27 N DAVENPORT FL 33837 USA,-81.6418777,28.1814929
3100 DOUGLAS RD CORAL GABLES FL 33134 USA,-80.2547701,25.7435082
11750 BIRD RD MIAMI FL 33175 USA,-80.385768,25.7319314
5000 UNIVERSITY DR CORAL GABLES FL 33146 USA,-80.2741844,25.7242591
1601 S W ARCHER ROAD GAINESVILLE FL 32608 USA,-82.345254,29.6369889
13000 BRUCE B DOWNS BLVD. TAMPA FL 33612 USA,-82.4280445,28.0645233
1201 N W 16TH STREET MIAMI FL 33125 USA,-80.2162924,25.7914998
7305 N. MILITARY TRAIL WEST PALM BEACH FL 33410 USA,-80.1120351,26.7855158
960 JOE FRANK HARRIS PARKWAY CARTERSVILLE GA 30120 USA,-84.7953129,34.2007934
915 GORDON AVENUE & MIMOSA DRIVE THOMASVILLE GA 31792 USA,-83.971996,30.825069
541 HISTORIC HIGHWAY 441-NORTH DEMOREST GA 30535 USA,-83.518064,34.4749514
2518 JIMMY LEE SMITH PARKWAY HIRAM GA 30141 USA,-84.7815101,33.9007155
"80 JESSE HILL, JR DRIVE SE ATLANTA GA 30303 USA",-84.3820793,33.7516709
117 KITE ROAD SWAINSBORO GA 30401 USA,-82.3471716,32.592759
865 SOUTH FIRST STREET JESUP GA 31545 USA,-81.898283,31.6027957
ONE MEADOWS PARKWAY VIDALIA GA 30474 USA,-82.3758517,32.2090345
"1000 JOHNSON FERRY ROAD, NE ATLANTA GA 30342 USA",-84.3540514,33.9091884
1670 CLAIRMONT ROAD DECATUR GA 30033 USA,-84.3112983,33.8018266
950 15TH STREET AUGUSTA GA 30901 USA,-81.9902615,33.4724511
1826 VETERANS BOULEVARD DUBLIN GA 31021 USA,-82.9431819,32.5363977
931 EAST WINTHROPE AVENUE MILLEN GA 30442 USA,-81.9338213,32.8036826
215 MIMS ROAD SYLVANIA GA 30467 USA,-81.64676,32.750048
101 LAKE OCONEE PARKWAY EATONTON GA 31024 USA,-83.2616335,33.4432706
88 MARTIN LUTHER KING JR DRIVE FORSYTH GA 31029 USA,-83.9464375,33.033002
247 S MAIN STREET REIDSVILLE GA 30453 USA,-82.1090701,32.0805099
462 E G MILES PARKWAY HINESVILLE GA 31310 USA,-81.6009755,31.8394772
3288 MOANALUA RD HONOLULU HI 96819 USA,-157.899879,21.3633277
67 1125 MAMALAHOA HIGHWAY KAMUELA HI 96743 USA,-155.6650027,20.02287
1 KAMANI STREET PAHALA HI 96777 USA,-155.4720513,19.1996103
1512 TWELFTH AVENUE ROAD NAMPA ID 83686 USA,-116.5706709,43.553871
500 W. FORT STREET BOISE ID 83702 USA,-116.1904838,43.6208798
701 LEWISTON ST COTTONWOOD ID 83522 USA,-116.3516407,46.0503623
ONE MEMORIAL DRIVE ALTON IL 62002 USA,-90.1591356,38.8996874
333 N MADISON JOLIET IL 60435 USA,-88.1361629,41.5276041
15TH STREET AT CALIFORNIA CHICAGO IL 60608 USA,-87.6957067,41.8601109
111  SPRING STREET STREATOR IL 61364 USA,-88.8353058,41.1142784
820 S DAMEN STREET CHICAGO IL 60612 USA,-87.6776848,41.8702237
1900 E. MAIN DANVILLE IL 61832 USA,-87.5919243,40.1318509
ST ANTHONY'S WAY ALTON IL 62002 USA,-90.1719627,38.9075574
530 NE GLEN OAK AVE PEORIA IL 61637 USA,-89.5907819,40.7018902
5TH STREET & ROOSEVELT AVENUE HINES IL 60141 USA,-80.1408237,25.7745613
2401 WEST MAIN MARION IL 62959 USA,-88.9550777,37.7299327
12935 S GREGORY BLUE ISLAND IL 60406 USA,-87.6774164,41.6583405
8012 SOUTH CRANDON AVENUE CHICAGO IL 60617 USA,-87.5692116,41.7494247
3333 W DE YOUNG MARION IL 62959 USA,-88.9950729,37.7449167
4500 MEMORIAL DRIVE BELLEVILLE IL 62226 USA,-90.0214907,38.5502641
211 S THIRD ST BELLEVILLE IL 62220 USA,-89.9892578,38.511089
ONE INGALLS DRIVE HARVEY IL 60426 USA,-87.6595979,41.607243
100 DOCTOR WARREN TUTTLE DR HARRISBURG IL 62946 USA,-88.5248335,37.7308959
800 W BIESTERFIELD RD ELK GROVE VILLAGE IL 60007 USA,-88.0166379,42.0046842
ONE KISH HOSPITAL DRIVE DEKALB IL 60115 USA,-88.7238401,41.9628227
1555 N BARRINGTON RD HOFFMAN ESTATES IL 60194 USA,-88.1444062,42.0525121
3001 GREENBAY ROAD NORTH CHICAGO IL 60064 USA,-87.8593558,42.3053904
ONE MEDICAL CENTER DRIVE GALENA IL 61036 USA,-90.4577488,42.4490272
1454 N COUNTY ROAD 2050 CARTHAGE IL 62321 USA,-91.1113418,40.4093235
400 CALDWELL STAUNTON IL 62088 USA,-89.7898797,39.0151133
201 BAILEY LANE BENTON IL 62812 USA,-88.9181631,38.0098712
FERRELL ROAD ROSICLARE IL 62982 USA,-88.3733882,37.4234895
12866 TROXLER AVENUE HIGHLAND IL 62249 USA,-89.6695581,38.7570228
1900 STATE STREET CHESTER IL 62233 USA,-89.8132619,37.9177233
818 E BROADWAY SPARTA IL 62286 USA,-89.6914657,38.1245491
1215 FRANCISCAN DR LITCHFIELD IL 62056 USA,-89.6389347,39.1812744
441 N WABASH AVE MARION IN 46952 USA,-85.665463,40.564681
1481 W. TENTH STREET INDIANAPOLIS IN 46202 USA,-86.186982,39.777862
520 S 7TH ST VINCENNES IN 47591 USA,-87.5328594,38.6727348
700 BROADWAY FORT WAYNE IN 46802 USA,-85.1493375,41.0781264
1700 E. 38TH STREET MARION IN 46953 USA,-85.637496,40.520026
1373 EAST SR 62 MADISON IN 47250 USA,-85.3642044,38.7925352
1101 MICHIGAN AVE LOGANSPORT IN 46947 USA,-86.361619,40.763244
3700 WASHINGTON AVE EVANSVILLE IN 47750 USA,-87.5040721,37.9643196
500 E MARKET STREET IOWA CITY IA 52245 USA,-91.528466,41.6641176
3600 30TH STREET DES MOINES IA 50310 USA,-93.6606765,41.6276691
1026 A AVE NE CEDAR RAPIDS IA 52402 USA,-91.6604849,41.9852983
601 HIGHWAY 6 WEST IOWA CITY IA 52246 USA,-91.5481043,41.663732
3421 WEST NINTH STREET WATERLOO IA 50702 USA,-92.3460308,42.4610567
1001 E PENNSYLVANIA OTTUMWA IA 52501 USA,-92.3895049,41.0288887
606 N W 7TH STREET POCAHONTAS IA 50574 USA,-94.6788068,42.7399862
710 NORTH 12TH STREET GUTHRIE CENTER IA 50115 USA,-94.4943715,41.6832561
23019 HIGHWAY 149 SIGOURNEY IA 52591 USA,-92.2051513,41.3230481
2959 US HIGHWAY 275 HAMBURG IA 51640 USA,-95.6492985,40.6337283
300 WEST HUTCHINGS STREET WINTERSET IA 50273 USA,-94.0169772,41.328791
1000 NORTH 15TH STREET HUMBOLDT IA 50548 USA,-94.2302233,42.7319086
6580 165TH STREET ALBIA IA 52531 USA,-92.7975976,41.0437165
ONE ST JOSEPH'S DRIVE CENTERVILLE IA 52544 USA,-92.8570527,40.7557317
1323 NORTH A STREET WELLINGTON KS 67152 USA,-97.3942183,37.2779261
4101 S. 4TH STREET LEAVENWORTH KS 66048 USA,-94.8943288,39.2797604
218 E PACK ST MOUNDRIDGE KS 67107 USA,-97.516978,38.2053705
5500 E. KELLOG WICHITA KS 67218 USA,-97.2746735,37.6812131
600 MEDICAL CENTER DRIVE NEWTON KS 67114 USA,-97.3331829,38.0243905
325 MAINE STREET LAWRENCE KS 66044 USA,-95.2488158,38.9787226
8929 PARALLEL PARKWAY KANSAS CITY KS 66112 USA,-94.7866525,39.1265615
445 N HILLTOP ELKHART KS 67950 USA,-101.9047496,37.0025399
1619 K 66 GALENA KS 66739 USA,-94.6579615,37.0748622
300 NORTH STREET SEDAN KS 67361 USA,-96.1902608,37.1329989
240 WEST 18TH STREET HORTON KS 66439 USA,-95.5289208,39.6727388
700 NORTH HUSER SYRACUSE KS 67878 USA,-101.7415676,37.9847648
CHEYENNE & APACHE SATANTA KS 67870 USA,-104.8202462,41.1399814
1604 AYLWARD AVENUE ELLSWORTH KS 67439 USA,-98.2188324,38.7434127
14TH & OREGON SABETHA KS 66534 USA,-91.7864954,32.7870401
100 W 16TH STREET EUREKA KS 67045 USA,-96.2941943,37.8353325
REECE CAMPUS 2600 OTTAWA ROAD NEODESHA KS 66757 USA,-95.7063735,37.3994328
810 W  COLUMBIA STREET OBERLIN KS 67749 USA,-100.5372055,39.8161747
535 SOUTH FREEBRON MARION KS 66861 USA,-97.010534,38.342921
617 LIBERTY CLAY CENTER KS 67432 USA,-97.123619,39.3922326
3066 NORTH KENTUCKY STREET IOLA KS 66749 USA,-95.391664,37.948803
511 NE 10TH ST ABILENE KS 67410 USA,-97.2058564,38.9253457
800 RAVIN HILL DRIVE ATCHISON KS 66002 USA,-95.1271638,39.5384913
ONE SAINT JOSEPH DRIVE LEXINGTON KY 40504 USA,-84.5236511,38.032462
913 NORTH DIXIE AVENUE ELIZABETHTOWN KY 42701 USA,-85.8767066,37.7132312
210 MARIE LANGDON DRIVE MANCHESTER KY 40962 USA,-83.7614359,37.1620588
1305 N ELM ST HENDERSON KY 42420 USA,-87.5812989,37.8538249
800 ZORN AVENUE LOUISVILLE KY 40206 USA,-85.6969907,38.2702402
1210 KY HWY 36 E CYNTHIANA KY 41031 USA,-84.2774548,38.3834944
1101 VETERANS DRIVE LEXINGTON KY 40502 USA,-84.506738,38.029732
ONE TRILLIUM WAY CORBIN KY 40701 USA,-84.1192786,36.9230934
1700 OLD LEBANON ROAD CAMPBELLSVILLE KY 42718 USA,-85.3378037,37.3664276
1740 NICHOLASVILLE ROAD LEXINGTON KY 40503 USA,-84.5124239,38.0186398
166 HOSPITAL STREET MONTICELLO KY 42633 USA,-84.8694783,36.8208259
524 DR MICHAEL DEBAKEY STREET LAKE CHARLES LA 70601 USA,-93.2276523,30.2162708
309 JACKSON STREET MONROE LA 71201 USA,-92.113586,32.499967
NO 1 MEDICAL PLAZA MINDEN LA 71055 USA,-93.286614,32.6177009
187 NINTH ST/HWY 84 WEST JENA LA 71342 USA,-92.1337448,31.6832271
7939 U S HWY 165 SOUTH COLUMBIA LA 71418 USA,-92.094571,32.077444
2495 SHREVEPORT HIGHWAY 71 N PINEVILLE LA 71360 USA,-92.4371357,31.3553571
510 EAST STONER AVENUE SHREVEPORT LA 71101 USA,-93.7216826,32.5031008
901 JAMES AVE FARMERVILLE LA 71241 USA,-92.3923554,32.7876679
1900 SOUTH MAIN ST FRANKLINTON LA 70438 USA,-90.1521189,30.8354555
810 SOUTH BROADWAY STREET CHURCH POINT LA 70525 USA,-92.2113142,30.3944367
360 BROADWAY BANGOR ME 04401 USA,-68.7722565,44.8141271
144 STATE STREET PORTLAND ME 04101 USA,-70.2649211,43.6514471
PO BOX 151 PRESQUE ISLE ME 04769 USA,-67.9899747,46.7026897
PO BOX 404 BANGOR ME 04401 USA,-68.7778138,44.8011821
CAMPUS AVENUE - PO BOX 7291 LEWISTON ME 04240 USA,-70.2009284,44.1027662
1 VA CENTER AUGUSTA ME 04330 USA,-69.7794897,44.3106241
PRITHAM AVENUE PO BOX 1129 GREENVILLE ME 04441 USA,-69.6057751,45.4596449
PO BOX 287 BELFAST ME 04915 USA,-69.0064234,44.4259092
1500 FOREST GLEN ROAD SILVER SPRING MD 20910 USA,-77.0347487,39.0147079
2200 KERNAN DRIVE BALTIMORE MD 21207 USA,-76.7084953,39.3137299
19801 OBSERVATION DRIVE GERMANTOWN MD 20876 USA,-77.2429848,39.1807761
10 NORTH GREENE STREET BALTIMORE MD 21201 USA,-76.6244799,39.2897402
ONE GENERAL STREET LAWRENCE MA 01842 USA,-71.1490385,42.7090766
200 SPRINGS ROAD BEDFORD MA 01730 USA,-71.270692,42.505452
81 HIGHLAND AVENUE SALEM MA 01970 USA,-70.907117,42.510776
OLD ROAD TO 9 ACRE CORNER W CONCORD MA 01742 USA,-71.3787346,42.4506162
421 N MAIN ST LEEDS MA 01053 USA,-72.6858853,42.3471071
150 S. HUNTINGTON AVENUE JAMAICA PLAIN MA 02130 USA,-71.1106324,42.3269877
235 NORTH PEARL STREET BROCKTON MA 02301 USA,-71.0615518,42.0978285
41 & 45 MALL ROAD BURLINGTON MA 01803 USA,-97.7833334,30.2074243
123 SUMMER STREET WORCESTER MA 01608 USA,-71.7969132,42.2646358
ONE HOSPITAL ROAD PO BOX 1477 OAK BLUFFS MA 02557 USA,-70.5798032,41.4607417
29 LEWIS AVENUE GREAT BARRINGTON MA 01230 USA,-73.3723135,42.1919973
325 EAST H STREET IRON MOUNTAIN MI 49801 USA,-88.0615465,45.8102287
1447 N HARRISON SAGINAW MI 48602 USA,-83.956592,43.4284777
1500 WEISS STREET SAGINAW MI 48602 USA,-83.962018,43.445333
ONE N ATKINSON DRIVE LUDINGTON MI 49431 USA,-86.4292067,43.9593364
2215 FULLER ROAD ANN ARBOR MI 48105 USA,-83.7156772,42.28661
5500 ARMSTRONG RD. BATTLE CREEK MI 49015 USA,-85.2913107,42.3434447
ONE HURLEY PLAZA FLINT MI 48503 USA,-83.7047254,43.0212027
5301 E HURON RIVER DR ANN ARBOR MI 48106 USA,-83.6597481,42.2634259
ONE GENESYS PARKWAY GRAND BLANC MI 48439 USA,-83.6422838,42.8921516
44201 DEQUINDRE ROAD TROY MI 48085 USA,-83.0923913,42.6182555
4201 ST ANTOINE ST - 3M DETROIT MI 48201 USA,-83.0548168,42.3534052
ONE WILLIAM CARLS DRIVE COMMERCE TOWNSHIP MI 48382 USA,-83.499202,42.592901
4646 JOHN R. DETROIT MI 48201 USA,-83.0595163,42.3554441
7870W US HIGHWAY 2 MANISTIQUE MI 49854 USA,-86.1320504,45.9846329
"300 N PATTERSON, PO BOX 75 REED CITY MI 49677 USA",-85.521475,43.8786587
3401 LUDINGTON ST ESCANABA MI 49829 USA,-87.1007758,45.745718
4801   8TH STREET N. ST. CLOUD MN 56303 USA,-94.217306,45.5676009
ONE VETERANS DRIVE MINNEAPOLIS MN 55417 USA,-93.2057649,44.9015633
915 EAST 1ST STREET DULUTH MN 55805 USA,-92.0876163,46.7971801
45 WEST 10TH STREET SAINT PAUL MN 55102 USA,-93.1000226,44.9490988
4050 COON RAPIDS BLVD COON RAPIDS MN 55433 USA,-93.370974,45.1848652
PO BOX 497 REDLAKE MN 56671 USA,-95.0169401,47.876346
414 W JEFFERSON PO BOX 396 MAHNOMEN MN 56557 USA,-95.9732927,47.3111059
100 HEALTHY WAY OLIVIA MN 56277 USA,-94.9956593,44.7764314
1282 WALNUT STREET DAWSON MN 56232 USA,-96.065951,44.931475
1200 GRANT BLVD W WABASHA MN 55981 USA,-92.048468,44.388317
4572 COUNTY ROAD 61 MOOSE LAKE MN 55767 USA,-92.7519636,46.4611325
425 7TH STREET NW CASS LAKE MN 56633 USA,-94.608856,47.384412
1411 STATE HIGHWAY 793 ELBOW LAKE MN 56531 USA,-95.9755556,45.9905556
200 HWY 30 WEST NEW ALBANY MS 38652 USA,-89.0276986,34.4975149
15 SOUTH 6TH STREET BAY SPRINGS MS 39422 USA,-89.2926854,31.9813954
P O BOX 948/427 HIGHWAY 51 NORTH BROOKHAVEN MS 39601 USA,-90.4576194,31.5890182
870 S MAIN FAYETTE MS 39069 USA,-91.0586985,31.7207689
52 SERGEANT PRENTISS DRIVE NATCHEZ MS 39120 USA,-91.3883532,31.5204594
1560 SUMRALL RD COLUMBIA MS 39429 USA,-89.8064112,31.2556566
ROUTE 7 BOX R50 PHILADELPHIA MS 39350 USA,-89.1167275,32.7715227
1350 E WOODROW WILSON DR JACKSON MS 39216 USA,-90.1720708,32.3282676
400 VETERANS  AVENUE BILOXI MS 39531 USA,-88.9452638,30.4146527
1500 E. WOODROW WILSON DRIVE JACKSON MS 39216 USA,-90.1672536,32.3281472
178 HIGHWAY 24 CENTREVILLE MS 39631 USA,-91.058839,31.082066
340 GETWELL DRIVE MARKS MS 38646 USA,-90.277558,34.247057
615 NEW BALLAS ROAD SAINT LOUIS MO 63141 USA,-90.4462228,38.6455339
ONE BARNES-JEWISH HOSPITAL PLAZA SAINT LOUIS MO 63110 USA,-90.2648301,38.6352536
4801 LINWOOD BLVD. KANSAS CITY MO 64128 USA,-94.5265649,39.0641506
1500 N. WESTWOOD BLVD. POPLAR BLUFF MO 63901 USA,-90.4174975,36.7717214
1000 CARONDELET DR KANSAS CITY MO 64114 USA,-94.600556,38.9356195
915 NORTH GRAND ST. LOUIS MO 63106 USA,-90.2305494,38.6422709
ONE HOSPITAL DRIVE COLUMBIA MO 65212 USA,-92.3285858,38.9381593
211 ST FRANCIS DR CAPE GIRARDEAU MO 63703 USA,-89.5714474,37.3034048
201 NW R D MIZE RD BLUE SPRINGS MO 64014 USA,-94.2634475,39.0255771
800 HOSPITAL DR COLUMBIA MO 65201 USA,-92.3288487,38.9372354
434 NORTH WEST STREET PERRYVILLE MO 63775 USA,-89.8651221,37.7322882
"PO BOX 774, SALEM MO 65560 USA",-91.5359808,37.6455993
705 N COLLEGE STREET ALBANY MO 64402 USA,-94.3245967,40.2526893
1502 NORTH JEFFERSON CARROLLTON MO 64633 USA,-93.4942135,39.375638
"100 WEST HIGHWAY 60, PO BOX 82 MOUNTAIN VIEW MO 65548 USA",-91.7020837,37.0016565
2475 BROADWAY HELENA MT 59601 USA,-111.9946923,46.5841413
1892 WILLIAMS STREET FORT HARRISON MT 59636 USA,-112.1018356,46.6215318
1501 ST CHARLES ST FORT BENTON MT 59442 USA,-110.6720654,47.8210449
16 W MAIN ST WHITE SULPHUR SPRING MT 59645 USA,-110.9034744,46.5481618
312 S ADAMS TERRY MT 59349 USA,-105.3159237,46.7915081
530 3RD ST NW HARLOWTON MT 59036 USA,-109.841367,46.4371004
640 PARK AVE SHELBY MT 59474 USA,-111.849463,48.509745
"1010 SOUTH 7650 EAST, POST OFFICE BOX 9 CROW AGENCY MT 59022 USA",-107.4645278,45.6041414
315 KNAPP ST WOLF POINT MT 59201 USA,-105.6410978,48.1009376
"P O BOX 1990, 10 EAST 31ST ST KEARNEY NE 68848 USA",-99.0813486,40.7064728
987400 NEBRASKA MEDICAL CENTER OMAHA NE 68198 USA,-95.9786222,41.2549998
4101 WOOLWORTH AVENUE OMAHA NE 68105 USA,-95.9736057,41.2432592
4600 38TH ST COLUMBUS NE 68601 USA,-97.3838187,41.4532834
"P O BOX 34400, 6901 NORTH 72ND ST, STE 20300 OMAHA NE 68122 USA",-96.0213285,41.32182
"P O BOX 836, 717 NORTH BROWN ST ALMA NE 68920 USA",-99.3647089,40.0983589
"P O BOX 193, 1900 F STREET GENEVA NE 68361 USA",-97.5877126,40.5243546
"P O BOX 433, 600 I ST PAWNEE CITY NE 68420 USA",-96.1507833,40.1084516
"P O BOX 118, 401 SOUTH 5TH STREET LYNCH NE 68746 USA",-98.4682446,42.8281671
"P O BOX N, 1579 MIDLAND ST SYRACUSE NE 68446 USA",-96.1862236,40.6670873
1406 Q ST FRANKLIN NE 68939 USA,-98.954788,40.1015414
"P O BOX 310, 606/706 EWING AVE GENOA NE 68640 USA",-97.7333818,41.4434512
"P O BOX 428, 531 BEEBE ST OSCEOLA NE 68651 USA",-97.5489768,41.1697289
"P O BOX 187, 520 EAST 10TH ST SUPERIOR NE 68978 USA",-98.066126,40.026641
"P O BOX 465, 621 N FRANKLIN ST RED CLOUD NE 68970 USA",-98.5274928,40.0911166
"P O BOX 277, 2200 H ST FAIRBURY NE 68352 USA",-97.1760497,40.1565026
1423 SEVENTH ST AURORA NE 68818 USA,-98.0095695,40.8720343
"P O BOX 229, 102 WEST 9TH ST NELIGH NE 68756 USA",-98.0299847,42.1336539
"P O BOX 108, 300 EAST 12TH ST COZAD NE 69130 USA",-99.9831136,40.8631698
"P O BOX 186, 1503 MAIN ST CREIGHTON NE 68729 USA",-97.9163312,42.4665109
"P O BOX 151, 723 WEST FAIRVIEW ST ALBION NE 68620 USA",-98.0054172,41.6835132
"P O BOX 100, 211 E KIMBALL ST CALLAWAY NE 68825 USA",-99.9225894,41.290847
2222 LINCOLN AVE YORK NE 68467 USA,-97.592109,40.882476
"P O BOX 406, 1113 SHERMAN ST ST PAUL NE 68873 USA",-98.4631366,41.2171009
"P O BOX 626, 1313 NORTH CHEYENNE ST BENKELMAN NE 69021 USA",-101.5369621,40.0511361
"P O BOX 410, 510 NORTH GREEN ST VALENTINE NE 69201 USA",-100.5392486,42.8783734
"P O BOX 489, 704 NORTH THIRD ST PLAINVIEW NE 68769 USA",-97.785816,42.3586384
"P O BOX 429, 402 NORTH MAPLE ST OSMOND NE 68765 USA",-97.5954265,42.3598219
"P O BOX 100, 100 HOSPITAL DRIVE PENDER NE 68047 USA",-96.7110334,42.1055877
"P O BOX 819, 600 W 12TH ST IMPERIAL NE 69033 USA",-101.649869,40.523309
"P O BOX 399, 3307 BARADA ST FALLS CITY NE 68355 USA",-95.6079865,40.0777122
"P O BOX 220, 2910 BETTEN DR CRETE NE 68333 USA",-96.9367695,40.64136
1000 POLE CREEK CROSSING SIDNEY NE 69162 USA,-102.9733878,41.1344754
"P O BOX 810, 2101 BOX BUTTE AVE ALLIANCE NE 69301 USA",-102.8697371,42.1165188
"P O BOX 980, 1201 NORTH ERIE ST LEXINGTON NE 68850 USA",-99.7574677,40.7854298
"P O BOX 1328, 1301 EAST H ST MCCOOK NE 69001 USA",-100.608049,40.205277
"P O BOX 278, 4800 HOSPITAL PARKWAY BEATRICE NE 68310 USA",-96.7495458,40.3159203
213 S WHITACRE/PO BOX 940 YERINGTON NV 89447 USA,-119.1667678,38.984216
1800 W CHARLESTON BLVD LAS VEGAS NV 89102 USA,-115.1674364,36.1605776
1000 LOCUST STREET RENO NV 89502 USA,-119.7993273,39.5163594
3001 ST ROSE PARKWAY HENDERSON NV 89052 USA,-115.1150581,36.0045271
172 KINSLEY ST NASHUA NH 03060 USA,-71.4803684,42.7494301
ONE CLARA MAAS DRIVE BELLEVILLE NJ 07109 USA,-74.1764016,40.7857506
ONE-FIVE PLAINSBORO ROAD PLAINSBORO NJ 08536 USA,-74.6231045,40.340181
TWO STONE HARBOR BLVD CAPE MAY COURT HOUSE NJ 08210 USA,-74.816945,39.0874743
385 TREMONT AVENUE EAST ORANGE NJ 07018 USA,-74.2361139,40.752661
601 HAMILTON AVE TRENTON NJ 08629 USA,-74.7412866,40.216605
ONE RIVERVIEW PLAZA RED BANK NJ 07701 USA,-74.0631812,40.3538638
ONE ROBERT WOOD JOHNSON PLACE NEW BRUNSWICK NJ 08901 USA,-74.4498466,40.4953282
99 RT 37 WEST TOMS RIVER NJ 08755 USA,-74.2165194,39.9649862
ONE CAPITAL WAY PENNINGTON NJ 08534 USA,-74.8051897,40.2923648
BAY AND HIGHLAND AVE MONTCLAIR NJ 07042 USA,-74.2214676,40.8300908
ONE HAMILTON HEALTH PLACE HAMILTON NJ 08690 USA,-74.6720664,40.2161214
150 BERGEN ST NEWARK NJ 07103 USA,-74.1901356,40.7403004
P O BOX 210 MESCALERO NM 88340 USA,-105.7741541,33.1575854
US HWY 491 NORTH SHIPROCK NM 87420 USA,-108.7081584,36.6854908
1501 SAN PEDRO DRIVE SE ALBUQUERQUE NM 87108 USA,-106.5816425,35.0551931
ROUTE 301 NORTH B STREET ZUNI NM 87327 USA,-108.7988521,35.0831393
JUNCTION OF HWY 371 CROWNPOINT NM 87313 USA,-108.1703509,35.8623392
EXIT #102 OFF I-40 1/2 MILE SOUTH SAN FIDEL NM 87049 USA,-123.3482161,43.0629728
900 W ASH DEMING NM 88031 USA,-107.7687535,32.2612387
ONE GUSTAVE L LEVY PLACE NEW YORK NY 10029 USA,-73.9536909,40.7899899
1656 CHAMPLIN AVENUE UTICA NY 13503 USA,-75.2761352,43.0967399
ONE NORTON AVENUE ONEONTA NY 13820 USA,-75.0523319,42.4579573
71 PROSPECT AVENUE HUDSON NY 12534 USA,-73.778547,42.245949
113 HOLLAND AVENUE ALBANY NY 12208 USA,-73.7721476,42.6509645
76 VETERANS AVE. BATH NY 14810 USA,-77.3461277,42.3434235
3495 BAILEY AVENUE BUFFALO NY 14215 USA,-78.8121949,42.9512695
ONE ATWELL ROAD COOPERSTOWN NY 13326 USA,-74.9231863,42.6960158
400 FOOT HILL AVE. CANANDAIGUA NY 14424 USA,-77.2882413,42.9051983
2094 ALBANY POST ROAD MONTROSE NY 10548 USA,-73.93051,41.2376156
130 WEST KINGSBRIDGE ROAD BRONX NY 10468 USA,-73.9052721,40.868521
423 EAST 23RD STREET NEW YORK NY 10010 USA,-73.9768398,40.7370457
101 ST ANDREWS LANE GLEN COVE NY 11542 USA,-73.6223515,40.8707547
270 - 05 76TH AVENUE NEW HYDE PARK NY 11040 USA,-73.7071215,40.7530291
ONE HEALTHY WAY OCEANSIDE NY 11572 USA,-73.6310463,40.6512461
79 MIDDLEVILLE ROAD NORTHPORT NY 11768 USA,-73.3087908,40.8937278
800 IRVING AVE. SYRACUSE NY 13210 USA,-76.139188,43.0387259
1000 NORTH VILLAGE AVENUE ROCKVILLE CENTRE NY 11570 USA,-73.6334827,40.685913
3424 KOSSUTH AVENUE & 210TH STREET BRONX NY 10467 USA,-73.8811176,40.8805358
68 HARRIS BUSHVILLE ROAD HARRIS NY 12742 USA,-74.7373215,41.7093262
HEALTH SCIENCES CENTER SUNY STONY BROOK NY 11794 USA,-73.1261091,40.9132244
8081 ROUTE 97 CALLICOON NY 12723 USA,-75.0431044,41.7276982
PO BOX 3814 DUMC  ERWIN RD DURHAM NC 27710 USA,-78.9387976,36.0083184
MEDICAL CENTER BOULEVARD WINSTON-SALEM NC 27157 USA,-80.2714555,36.0902702
300 W 27 ST  PO BOX 1408 LUMBERTON NC 28359 USA,-79.0118523,34.6370791
COLLEGE ST BOX 947 OXFORD NC 27565 USA,-78.5908345,36.3107004
508 FULTON STREET DURHAM NC 27705 USA,-78.9386307,36.0094743
PO BOX 59 HENDERSON NC 27536 USA,-78.3991638,36.3295905
2300 RAMSEY STREET FAYETTEVILLE NC 28301 USA,-78.8768363,35.0879063
810 FAIRGROVE CHURCH RD HICKORY NC 28602 USA,-81.267284,35.7138325
218 OLD MOCKSBVILLE RD PO BOX 1823 STATESVILLE NC 28687 USA,-80.828965,35.818754
CALLER BOX C268 CHEROKEE NC 28719 USA,-83.3205859,35.4770574
1500 MATTHEWS TWNSHP PRKWY BOX 3310 MATTHEWS NC 28106 USA,-80.7197131,35.1143176
1601 BRENNER AVENUE SALISBURY NC 28144 USA,-80.4862013,35.683749
1100 TUNNEL ROAD ASHEVILLE NC 28805 USA,-82.4848749,35.588545
921 JUNIOR HIGH ROAD SCOTLAND NECK NC 27874 USA,-77.4275436,36.1275436
1570 NC 8 & 89 HWY NORTH DANBURY NC 27016 USA,-80.2600556,35.7819467
617 DOCTORS STREET SPARTA NC 28675 USA,-81.1150013,36.5089767
101 HOSPITAL DRIVE COLUMBUS NC 28722 USA,-82.2133546,35.2416218
2101 ELM STREET FARGO ND 58102 USA,-96.77453,46.9059328
PO BOX 160 BELCOURT ND 58316 USA,-99.7448688,48.8391712
10 NORTH RIVER ROAD FORT YATES ND 58538 USA,-100.6278196,46.0879556
220 5TH AVE W TURTLE LAKE ND 58575 USA,-100.8934829,47.5179065
PO BOX 697 KENMARE ND 58746 USA,-102.0826636,48.6747476
PO BOX 190 NORTHWOOD ND 58267 USA,-97.5667543,47.7341547
PO BOX 461 CARRINGTON ND 58421 USA,-99.1262234,47.4497201
BOX 380 CAVALIER ND 58220 USA,-97.6223098,48.7938813
HWY 281 N CANDO ND 58324 USA,-99.2098593,48.4866681
1301 15TH AVE W WILLISTON ND 58801 USA,-103.6454062,48.1550753
2422 20TH ST SW JAMESTOWN ND 58401 USA,-98.7468413,46.8900756
10701 EAST BLVD CLEVELAND OH 44106 USA,-81.6137098,41.5134777
3200 VINE STREET CINCINNATI OH 45220 USA,-84.5081911,39.1395809
ONE WYOMING STREET DAYTON OH 45409 USA,-84.1844696,39.745569
2222 PHILADELPHIA DRIVE DAYTON OH 45406 USA,-84.2327833,39.787958
1320 MERCY DRIVE NW CANTON OH 44708 USA,-81.396269,40.8121341
ONE MEDICAL CENTER DRIVE FRANKLIN OH 45005 USA,-84.3147897,39.499387
4100 WEST THIRD STREET DAYTON OH 45428 USA,-84.2653257,39.7423132
17273 STATE ROUTE 104 CHILLICOTHE OH 45601 USA,-83.0122313,39.3875089
5901 MONCLOVA ROAD MAUMEE OH 43537 USA,-83.6816811,41.5571451
500 LONDON AVENUE MARYSVILLE OH 43040 USA,-83.36773,40.229531
433 WEST HIGH STREET BRYAN OH 43506 USA,-84.5571616,41.4740736
375 DIXMYTH AVENUE CINCINNATI OH 45220 USA,-84.5206727,39.1400349
500 GYPSY LANE YOUNGSTOWN OH 44501 USA,-80.6574512,41.1335872
5100 WEST  BROAD STREET COLUMBUS OH 43228 USA,-83.13803,39.953109
715 SOUTH TAFT AVENUE FREMONT OH 43420 USA,-83.1358988,41.3396285
3700 KOLBE ROAD LORAIN OH 44053 USA,-82.237613,41.4368849
ONE ELIZABETH PLACE DAYTON OH 45417 USA,-84.1994027,39.747226
208 N COLUMBUS ST HICKSVILLE OH 43526 USA,-84.7558701,41.3002375
550 MIRABEAU STREET GREENFIELD OH 45123 USA,-83.3875297,39.3494223
ONE CLARK BASS BOULEVARD MCALESTER OK 74501 USA,-95.7507453,34.9342814
1000 NORTH LEE AVENUE OKLAHOMA CITY OK 73101 USA,-97.5234686,35.4779428
1301 LINCOLN ROAD IDABEL OK 74745 USA,-94.812748,33.8809414
1323 WEST 6TH STREET STILLWATER OK 74076 USA,-97.0749595,36.1149957
2220 IOWA STREET CHICKASHA OK 73018 USA,-97.961299,35.049241
1011 HONOR HEIGHTS DRIVE MUSKOGEE OK 74401 USA,-95.4144397,35.764735
921 NE 13TH STREET OKLAHOMA CITY OK 73104 USA,-97.4958905,35.483272
2401 W MAIN DEWEY BARTLETT AND MAIN HENRYETTA OK 74437 USA,-96.0168567,35.4397942
1305 W CHEROKEE STREET - HIGHWAY 19 WEST LINDSAY OK 73052 USA,-97.5813149,34.8337002
INTERSECTION HYWS 81 & 70 WAURIKA OK 73573 USA,-86.6380233,32.8438367
1000 KINGFISHER HOSPITAL DRIVE KINGFISHER OK 73750 USA,-97.9447632,35.8102067
901 S 5TH AVE MADILL OK 73446 USA,-96.7778789,34.0827842
ONE WICKERSHAM DRIVE MANGUM OK 73554 USA,-99.5013188,34.8918205
610 WEST BYPASS DRUMRIGHT OK 74030 USA,-96.6076734,35.9904243
US HIGHWAY 60 SEILING OK 73663 USA,-98.9913704,36.1441995
3710 SW US VETERANS HOSPITAL PORTLAND OR 97239 USA,-122.6840952,45.4969272
913 NW GARDEN VALLEY BLVD. ROSEBURG OR 97470 USA,-123.3650574,43.2270692
2801 ST ANTHONY WAY PENDLETON OR 97801 USA,-118.8122621,45.6485873
610 NW 11TH STREET HERMISTON OR 97838 USA,-119.3091617,45.8468729
ONE HOSPITAL DRIVE LEWISBURG PA 17837 USA,-76.8864161,40.9795926
2907 PLEASANT VALLEY BOULEVAR ALTOONA PA 16602 USA,-78.3955554,40.4886784
136 W DIAMOND STREET PHILADELPHIA PA 19122 USA,-75.134628,39.981628
1001 SOUTH GEORGE STREET YORK PA 17403 USA,-76.7188384,39.9460359
1400 BLACK HORSE HILL ROAD COATESVILLE PA 19320 USA,-75.7959514,39.9981257
135 EAST 38TH STREET ERIE PA 16504 USA,-80.0630454,42.1020279
FOURTH AND WALNUT STREETS LEBANON PA 17042 USA,-76.4174986,40.3371439
1700 SOUTH LINCOLN AVENUE LEBANON PA 17042 USA,-76.397997,40.318522
ONE GUTHRIE SQUARE SAYRE PA 18840 USA,-76.7952337,41.791637
ONE HOSPITAL DRIVE CLARION PA 16214 USA,-79.3968343,41.1918659
2500 BERNVILLE ROAD READING PA 19605 USA,-75.9787583,40.3754757
UNIVERSITY AND WOODLAND AVENU PHILADELPHIA PA 19104 USA,-75.199543,39.9503551
325 SOUTH BELMONT STREET YORK PA 17403 USA,-76.6926516,39.9672132
1086 FRANKLIN STREET JOHNSTOWN PA 15905 USA,-78.9191284,40.3055274
34TH & SPRUCE STS PHILADELPHIA PA 19104 USA,-81.119796,32.31691
1600 EAST HIGH STREET AND ARMAND HAMMER BLVD POTTSTOWN PA 19464 USA,-75.6136084,40.2440176
601 PARK STREET HONESDALE PA 18431 USA,-75.2602515,41.5767169
UNIVERSITY DRIVE C PITTSBURGH PA 15240 USA,-79.9600284,40.4452163
1111 EAST END BOULEVARD WILKES-BARRE PA 18711 USA,-75.8355952,41.2479987
TWO CRESCENT PARK WEST WARREN PA 16365 USA,-79.154769,41.843272
ONE NOLTE DRIVE KITTANNING PA 16201 USA,-79.5622006,40.8089171
ONE HOSPITAL WAY BUTLER PA 16001 USA,-79.8804145,40.8673467
ONE MEDICAL CENTER BOULEVARD UPLAND PA 19013 USA,-75.367874,39.856341
100 LANCASTER AVE WYNNEWOOD PA 19096 USA,-75.2620003,39.9883897
421 CHEW STREET ALLENTOWN PA 18102 USA,-75.4683784,40.6083521
ONE MELLON WAY LATROBE PA 15650 USA,-79.3946856,40.3209298
300 HIGHLAND AVE HANOVER PA 17331 USA,-76.9828238,39.8087025
LANGHORNE-NEWTOWN RD LANGHORNE PA 19047 USA,-74.9294704,40.2002613
565 COAL VALLEY ROAD JEFFERSON HILLS PA 15025 USA,-79.9334877,40.3184396
34TH ST & CIVIC CENTER BLVD PHILADELPHIA PA 19104 USA,-101.9310898,33.5633062
1451 ASHFORD AVENUE SAN JUAN PR 00907 USA,-66.0742638,18.4569085
2435 LAS AMERICAS AVE PONCE PR 00733 USA,NA,NA
SERGIO CUEVAS BUSTAMANTE STREET 550 SAN JUAN PR 00936 USA,NA,NA
CALLE FONT MARTELO #3 HUMACAO PR 00791 USA,-65.827873,18.150674
PDA. 20 C/ SAN RAFAEL # 1395 FERNANDEZ JUNCOS PR 00909 USA,-116.9635746,32.4200102
355 AVE FONT MARTELO HUMACAO PR 00791 USA,NA,NA
AVE. LOS VETERANOS #3 KM 135 7 EXIT TO ARROYO GUAYAMA PR 00785 USA,-66.1103695,17.9796575
CARR 135 KM 64 2 CASTANER PR 00631 USA,NA,NA
300 FONT MARTELLO STREET HUMACAO PR 00792 USA,NA,NA
BO. MONACILLOS CARR 22 CENTRO MEDICO DE PUERTO RIC SAN JUAN PR 00935 USA,NA,NA
BO. RINCON SECTOR LAS LOMAS  KM.3.1 CARR 14 CAYEY PR 00737 USA,NA,NA
CARR 349 KM 2 7 CERRO LAS MESAS MAYAGUEZ PR 00681 USA,NA,NA
"BARRIO MONACILLOS,CENTRO MEDICO RIO PIEDRAS PR 00936 USA",NA,NA
PONCE DE LEON AVENUE STOP 36 1/2 #735 HATO REY PR 00918 USA,NA,NA
CALLE JOSE C VASQUEZ BO. CAONILLAS AIBONITO PR 00705 USA,NA,NA
CALLE PROFESOR AUGUSTO RODRIGUEZ #1462 FERNANDEZ JUNCOS PR 00910 USA,NA,NA
ROAD NUMBER 2 KM 173.4 CAIN ALTO SAN GERMAN PR 00683 USA,NA,NA
PONCE BY PASS #2213 PONCE PR 00717 USA,NA,NA
CARR.753 KM.0.1-SECTOR CUATRO CALLES ARROYO PR 00714 USA,NA,NA
CARRETERA #2 KM 11 7 BAYAMON PR 00960 USA,-117.6201904,33.4626481
10 CALLE CASIA SAN JUAN PR 00921 USA,-66.0804216,18.3919558
TITO CASTRO AVE #917 PONCE PR 00733 USA,-66.5927935,18.0312283
AVE. PEDRO ALBIZU CAMPOS URB. LA HACIENDA GUAYAMA PR 00785 USA,NA,NA
BARRIO MONACILLOS CENTROMEDICO RIO PIEDRAS PR 00927 USA,NA,NA
CARR.2 KM.1.4 AVE. SEVERIANO CUEVAS #18 AGUADILLA PR 00603 USA,-89.2180982,30.3626965
CARRETERA 129 KM.1 AVENIDA SAN LUIS ARECIBO PR 00613 USA,NA,NA
371 DE DIEGO AVE SAN JUAN PR 00923 USA,-66.0682694,18.4461548
9 J STREET EXT HERMANAS DAVILA BAYAMON PR 00959 USA,NA,NA
CARR 2 BO SABALOS MAYAGUEZ PR 00682 USA,-66.6133213,18.4338406
CARR 172  EXIT 21 URB TURABO GARDENS CAGUAS PR 00725 USA,NA,NA
LAUREL AVE SANTA JUANITA #100 BAYAMON PR 00956 USA,-66.150958,18.3735481
CARRETERA 21 1785 URB LAS LOMAS SAN JUAN PR 00915 USA,NA,NA
CALLE SANTA CRUZ NUMERO 70  URB SANTA CRUZ BAYAMON PR 00961 USA,NA,NA
ROAD 128 KM 1.0 YAUCO PR 00698 USA,NA,NA
 CALLE CONCEPCION VERA AYALA #550 S MOCA PR 00676 USA,-67.1140502,18.3833229
CARR 3 KM 8  3 AVE 65TH INFANTERIA       BOX 6021 CAROLINA PR 00984 USA,NA,NA
CARR 506 KM 1 0 COTO LAUREL PR 00780 USA,NA,NA
CALLE HERNANDEZ CARRION URB ATENAS MANATI PR 00674 USA,NA,NA
CARR. 2 KM 39.5    ROAD NUMBER 2 BO ALGARROBO VEGA BAJA PR 00693 USA,NA,NA
55 PALM ST ARECIBO PR 00614 USA,NA,NA
"MARGINAL CARRETERA NO 2, KM 47 7 MANATI PR 00674 USA",NA,NA
AVE LUIS MUNOZ MARIN CAGUAS PR 00725 USA,NA,NA
CARR 844 KM 0 5  CUPEY BAJO SAN JUAN PR 00928 USA,NA,NA
15 DR BASORA STREET MAYAGUEZ PR 00681 USA,NA,NA
"AVENIDA AMERICO MIRANDA, ENTRADA PRINCIPAL CM RIO PIEDRAS PR 00936 USA",NA,NA
GENERAL VALERO AVE#404 FAJARDO PR 00738 USA,-65.6603064,18.3407003
CALLE JAVILLA  #8 AL COSTADO PARQUE DE BOMBAS SAN GERMAN PR 00683 USA,-67.0404416,18.0823672
BO MONACILLO CARR NUM 22 SAN JUAN PR 00935 USA,NA,NA
AVE PONCE DE LEON 435 HATO REY PR 00919 USA,NA,NA
CALLE ISAAC GONZALEZ ESQUINA LEDESMA BDA NUEVA PR 00641 USA,NA,NA
FRIENDSHIP STREET NEWPORT RI 02840 USA,-71.3047644,41.4969705
830 CHALKSTONE AVENUE PROVIDENCE RI 02908 USA,-71.4340067,41.8323154
123 MEDICAL PARK DRIVE PO BOX 188 PICKENS SC 29671 USA,-82.7073573,34.8834489
PO BOX 2129 EASLEY SC 29641 USA,-82.6,34.83
ONE ST FRANCIS DR GREENVILLE SC 29601 USA,-82.4214367,34.8403716
1315 ROBERTS STREET CAMDEN SC 29020 USA,-80.590929,34.253116
3000 ST MATTHEWS RD BOX 1806 ORANGEBURG SC 29115 USA,-80.7490481,33.6216284
10 HOSPITAL ST BOX 550 MANNING SC 29102 USA,-80.2109134,33.6951627
TAYLOR AT MARION ST COLUMBIA SC 29220 USA,-81.0326973,34.0075436
4070 HIGHWAY 17 BYPASS MURRELLS INLET SC 29576 USA,-79.0201006,33.6010909
400 PALMETTO HEALTH PARKWAY COLUMBIA SC 29212 USA,-81.1604196,34.0875477
322 WEST SOUTH STREET UNION SC 29379 USA,-81.6291563,34.7121896
6439 GARNERS FERRY ROAD COLUMBIA SC 29209 USA,-80.959607,33.9753554
109 BEE STREET CHARLESTON SC 29401 USA,-79.9539071,32.7840358
321 BYPASS PO BOX 620 WINNSBORO SC 29180 USA,-81.103234,34.401979
113 COMANCHE ROAD FORT MEADE SD 57741 USA,-103.4691088,44.4121003
2501 WEST 22ND STREET SIOUX FALLS SD 57117 USA,-96.7565225,43.5330067
"HIGHWAY 18, MAIN ST., BLDG. 159 PINE RIDGE SD 57770 USA",-102.5562743,43.0255408
400 SOLDIER CREEK ROAD ROSEBUD SD 57570 USA,-100.8705174,43.2831381
323 SW 10TH ST MADISON SD 57042 USA,-97.1171769,43.9930488
809 JACKSON  POST OFFICE BOX 319 BURKE SD 57523 USA,-99.2920453,43.1824998
8001 W 5TH  POST OFFICE BOX 556 BOWDLE SD 57428 USA,-99.6540068,45.4530375
315 N WASHINGTON AVE  POST OFFICE BOX 368 VIBORG SD 57070 USA,-97.0814405,43.1702657
306 PRAIRIE AVENUE SW  POST OFFICE BOX 160 DE SMET SD 57231 USA,-97.5503541,44.3874696
400 PARK STREET  POST OFFICE BOX 408 GREGORY SD 57533 USA,-99.4303833,43.2322227
GREENWAY CIRCLE ERWIN TN 37650 USA,-82.4117116,36.133418
ONE MEDICAL PARK BLVD BRISTOL TN 37620 USA,-82.2567402,36.5857156
"4220 HARDING RD, PO BOX 380 NASHVILLE TN 37205 USA",-86.8444772,36.1293178
1030 JEFFERSON AVENUE MEMPHIS TN 38104 USA,-90.0252734,35.1436988
SIDNEY & LAMONT STREETS MOUNTAIN HOME TN 37684 USA,151.2092955,-33.8688197
HWY 43 S BOX 847 LAWRENCEBURG TN 38464 USA,-87.3347389,35.2423023
5959 PARK AVE MEMPHIS TN 38119 USA,-89.8646229,35.0982343
1310 24TH AVENUE SOUTH NASHVILLE TN 37212 USA,-86.8037386,36.1417248
401 SEWELL DR SPARTA TN 38583 USA,-85.478253,35.948927
1411 BADDOUR PARKWAY LEBANON TN 37087 USA,-86.327312,36.220691
451 HIGHWAY 13 SOUTH WAVERLY TN 37185 USA,-87.7950236,36.0785326
1901 S SHADY ST MOUNTAIN CITY TN 37683 USA,-81.7969819,36.4530694
158 HOSPITAL DRIVE CARTHAGE TN 37030 USA,-85.950077,36.2634328
1080 NORTH ELLINGTON PARKWAY LEWISBURG TN 37091 USA,-86.7855719,35.4646171
1519 MAIN STREET HWY 33 SNEEDVILLE TN 37869 USA,-83.2173971,36.5298107
HIGHWAY 68 COPPERHILL TN 37317 USA,-84.3829854,35.0226375
2701 HOSPITAL DRIVE VICTORIA TX 77901 USA,-96.9777583,28.8130696
1401 ST. JOSEPH PARKWAY HOUSTON TX 77002 USA,-95.3660781,29.7482734
6201 HARRY HINES BLVD DALLAS TX 75390 USA,-96.8488409,32.8193657
1 MEDICAL PLAZA PAMPA TX 79065 USA,-95.2025273,29.656462
1905 HWY 97 EAST JOURDANTON TX 78026 USA,-98.5260352,28.9331124
409 WEST COTTAGE CARTHAGE TX 75633 USA,-94.3468765,32.1673525
10141 US 59 NORTH WHARTON TX 77488 USA,-95.2511964,38.3198653
1110 NORTH SARAH DEWITT DRIVE GONZALES TX 78629 USA,-97.4313285,29.5174172
333 NORTH SANTA ROSA STEET SAN ANTONIO TX 78207 USA,-98.498342,29.4280812
215 CHISHOLM TRAIL JACKSBORO TX 76458 USA,-98.166522,33.2287614
5016 S US HIGHWAY 75 DENISON TX 75020 USA,-96.5873335,33.7113076
4215 JOE RAMSEY BLVD GREENVILLE TX 75401 USA,-96.124325,33.122106
HWY 83 NORTH CHILDRESS TX 79201 USA,-100.2040019,34.4264529
7700 FLOYD CURL DR SAN ANTONIO TX 78229 USA,-98.5721936,29.5078773
1717 HWY 59 BYPASS LIVINGSTON TX 77351 USA,-94.9526174,30.6922532
200 SOUTH GENEVA STREET BRECKENRIDGE TX 76424 USA,-98.8877323,32.754706
1204 MOUND ST NACOGDOCHES TX 75961 USA,-94.6488553,31.6126374
6010 AMARILLO BLVD. WEST AMARILLO TX 79106 USA,-101.9066289,35.2041908
300 VETERANS BLVD. BIG SPRING TX 79720 USA,-101.4721162,32.2313964
100 A ALTON GLOOR BROWNSVILLE TX 78526 USA,-97.5147262,25.9780329
4500 S. LANCASTER ROAD DALLAS TX 75216 USA,-96.7915235,32.693296
9440 POPPY DR DALLAS TX 75218 USA,-96.7055005,32.8346173
2002 HOLCOMBE BLVD. HOUSTON TX 77030 USA,-95.3889802,29.7000202
5151 HARRY HINES BLVD DALLAS TX 75390 USA,-96.8366454,32.8106894
1901 VETERANS MEMORIAL DRIVE TEMPLE TX 76504 USA,-97.3472399,31.0771112
2850  E STATE HIGHWAY 114 TROPHY CLUB TX 76262 USA,-97.1748476,32.9884819
7400 MERTON MINTER BLVD. SAN ANTONIO TX 78229 USA,-98.5800896,29.5070906
2500 HWY 305 SOUTH MCCAMEY TX 79752 USA,-102.2149901,31.1181045
7821 EAST HIGHWAY 153 WINTERS TX 79567 USA,-99.9583549,31.9498384
600 E INTERSTATE 20     PO BOX 640 STANTON TX 79782 USA,-91.9698656,32.4874108
1 NORTH AVENUE N  PO BOX 1117 HASKELL TX 79521 USA,-99.7386446,33.1673531
1013 15TH ST WELLINGTON TX 79095 USA,-100.212914,34.8491299
815 N VIRGINIA STREET PORT LAVACA TX 77979 USA,-96.6315784,28.6207582
"PO BOX 750, 2301 HWY 83 W HEMPHILL TX 75948 USA",-93.8610716,31.3415339
HIGHWAY 281 SOUTH BURNET TX 78611 USA,-98.2389072,30.7936885
1353 N TRAVIS ST LIBERTY TX 77575 USA,-94.799064,30.068494
3533 S ALAMEDA BOX 6530 CORPUS CHRISTI TX 78411 USA,-97.3894772,27.7218102
8TH AVENUE AND C STREET SALT LAKE CITY UT 84143 USA,-111.8805469,40.7784981
5121 SOUTH COTTONWOOD STREET MURRAY UT 84107 USA,-111.8918063,40.6596266
1000 EAST 100 NORTH PAYSON UT 84651 USA,-111.7144008,40.0440694
500 FOOTHILL BLVD. SALT LAKE CITY UT 84148 USA,-111.8409402,40.7577836
5848 SOUTH 300 EAST MURRAY UT 84107 USA,-111.8834631,40.6441568
64 EAST 100 NORTH GUNNISON UT 84634 USA,-111.8164646,39.1566017
802 SOUTH 200 WEST BLANDING UT 84511 USA,-109.4815879,37.6134925
BOX 547 BARRE VT 05641 USA,-72.5020494,44.1970055
215 N. MAIN ST. WHITE RIVER JUNCTION VT 05009 USA,-72.3223482,43.6501844
PO BOX 216 TOWNSHEND VT 05353 USA,-72.6678428,43.0472267
PO BOX 2003 SPRINGFIELD VT 05156 USA,-72.4823117,43.2984078
9048 SUGAR ESTATE ST THOMAS VI 00801 USA,-64.9146707,18.340328
"#4007 EST DIAMOND RUBY, CHRISTIANSTED ST CROIX VI 00820 USA",NA,NA
JEFFERSON PARK AVE CHARLOTTESVILLE VA 22908 USA,-78.5109454,38.027823
2204 WILBORN AVENUE HALIFAX VA 24558 USA,-78.9132891,36.7137607
1000 NORTH SHENANDOAH AVE FRONT ROYAL VA 22630 USA,-78.198942,38.930957
9507 HOSPITAL AVENUE NASSAWADOX VA 23413 USA,-75.8626404,37.4751204
2949 WEST FRONT STREET RICHLANDS VA 24641 USA,-81.7781818,37.0925153
100 EMANCIPATION DRIVE HAMPTON VA 23667 USA,-76.3333604,37.0164356
1201 BROAD ROCK BOULEVARD RICHMOND VA 23249 USA,-77.466854,37.4978455
1970 BOULEVARD SALEM VA 24153 USA,-80.0919322,37.2833912
ONE ARH LANE - PO BOX 7 LOW MOOR VA 24457 USA,-79.882495,37.791338
747 BROADWAY SEATTLE WA 98122 USA,-122.3220878,47.6088589
2901 SQUALICUM PARKWAY BELLINGHAM WA 98225 USA,-122.4739227,48.7725927
801 EAST WHEELER ROAD MOSES LAKE WA 98837 USA,-119.2654678,47.1284266
W 800 FIFTH AVENUE SPOKANE WA 99210 USA,-117.4234784,47.65193
201 - 16TH AVENUE EAST SEATTLE WA 98112 USA,-122.3124495,47.6195658
1717 SOUTH J STREET TACOMA WA 98405 USA,-122.4480078,47.2454886
12606 EAST MISSION AVENUE SPOKANE WA 99216 USA,-117.2355191,47.6708722
4815 N. ASSEMBLY STREET SPOKANE WA 99205 USA,-117.4776913,47.7029335
315 S MLK JR WAY TACOMA WA 98415 USA,-122.4529682,47.2593601
77 WAINWRIGHT DRIVE WALLA WALLA WA 99362 USA,-118.3561588,46.053798
1660 S. COLUMBIAN WAY SEATTLE WA 98108 USA,-122.308231,47.563062
817 COMMERCIAL STREET LEAVENWORTH WA 98826 USA,-120.6607586,47.5944033
203 SOUTH WESTERN TONASKET WA 98855 USA,-119.439042,48.7074003
1450 BATTERSBY AVENUE ENUMCLAW WA 98022 USA,-121.988489,47.208138
MEDICAL CENTER DRIVE MORGANTOWN WV 26506 USA,-71.4633354,42.7565248
PO BOX 497 RONCEVERTE WV 24970 USA,-80.4628519,37.7498438
2900 1ST AVENUE HUNTINGTON WV 25702 USA,-82.4006689,38.432355
200 VETERANS AVENUE BECKLEY WV 25801 USA,-81.1932967,37.7649936
PO BOX 1484 ELKINS WV 26241 USA,-79.8467349,38.9259397
333 LAIDLEY ST CHARLESTON WV 25301 USA,-81.633054,38.3540037
1 MEDICAL CENTER DRIVE CLARKSBURG WV 26301 USA,-80.354627,39.3047155
1540 SPRING VALLEY ROAD HUNTINGTON WV 25704 USA,-82.5165789,38.3841745
510 BUTLER AVE. MARTINSBURG WV 25401 USA,-77.911201,39.417566
#3 EAST BENJAMIN DRIVE NEW MARTINSVILLE WV 26155 USA,NA,NA
1306 KANAWHA BOULEVARD EAST CHARLESTON WV 25301 USA,-81.6300486,38.3434139
MANSFIELD HILL P O BOX 930 PHILIPPI WV 26416 USA,-80.0451832,39.1515712
P O BOX 312 (MILLER MOUNTAIN DRIVE) WEBSTER SPRINGS WV 26288 USA,-80.4121944,38.4824974
115 SUMMERS HOSPITAL ROAD HINTON WV 25951 USA,-80.8892539,37.674008
150 MEMORIAL DRIVE KINGWOOD WV 26537 USA,-79.6838184,39.471958
P O BOX 1019 PETERSBURG WV 26847 USA,-79.1239239,38.9926097
1 AMALIA DRIVE BUCKHANNON WV 26201 USA,-80.236816,38.9910728
1506 S ONEIDA ST APPLETON WI 54915 USA,-88.4028549,44.2483278
2661 COUNTY HWY I CHIPPEWA FALLS WI 54729 USA,-91.3597332,44.9501409
500 EAST VETERANS STREET TOMAH WI 54660 USA,-90.4934495,44.0036157
611 ST JOSEPH AVE MARSHFIELD WI 54449 USA,-90.1770418,44.6780444
5000 W. NATIONAL AVENUE MILWAUKEE WI 53295 USA,-87.9760228,43.0208694
2500 OVERLOOK TERRACE MADISON WI 53705 USA,-89.4311364,43.0744924
707 14TH ST BARABOO WI 53913 USA,-89.731998,43.4810585
700 SOUTH PARK ST MADISON WI 53715 USA,-89.401513,43.059273
W180 N8085 TOWN HALL RD MENOMONEE FALLS WI 53051 USA,-88.1321016,43.1635661
975 PORT WASHINGTON ROAD GRAFTON WI 53024 USA,-87.9283744,43.3235915
1220 3RD AVE W DURAND WI 54736 USA,-91.9635052,44.6211996
216 SUNSET PLACE NEILLSVILLE WI 54456 USA,-90.607114,44.5573869
1515 PARK AVE COLUMBUS WI 53925 USA,-89.035324,43.322528
1615 MAPLE LANE ASHLAND WI 54806 USA,-90.8892685,46.5669945
2360 E. PERSHING BLVD. CHEYENNE WY 82001 USA,-104.7861306,41.148043
1898 FORT ROAD SHERIDAN WY 82801 USA,-106.9858096,44.8273867
2000 CAMPBELL DRIVE TORRINGTON WY 82240 USA,-104.1940774,42.0870714
2221 WEST ELM STREET RAWLINS WY 82301 USA,-107.2615397,41.786514
FAGAALU VILLAGE PAGO PAGO AS 96799 USA,-170.6847054,-14.290061
85O GOV CARLOS G CAMACHO ROAD TAMUNING GU 96913 USA,NA,NA
"PO BOX 409CK, NAVY HILL ROAD GARAPAN MP 96950 USA",NA,NA
ONE ST MARK'S PLACE LA GRANGE TX 78945 USA,-96.876246,29.935319
26791 HIGHWAY 380 AUBREY TX 76227 USA,-96.9135249,33.2206581
5556 GASMER DRIVE HOUSTON TX 77035 USA,-95.4776688,29.6518485
700 SCOTT & WHITE DRIVE COLLEGE STATION TX 77845 USA,-79.1219955,36.5109001
"2006 SOUTH LOOP 336 WEST, SUITE 500 CONROE TX 77304 USA",-95.4802467,30.2841109
1975 ALPHA STE 100 ROCKWALL TX 75087 USA,-96.4450337,32.9144714
810 W HIGHWAY 71 MARBLE FALLS TX 78654 USA,-98.3038326,30.5112358
1626 W BAKER RD BAYTOWN TX 77521 USA,-94.9816893,29.7712805
